ret,vol,sharpe,feasible
0.173197,0.185913,0.73635,True
0.182063,0.176785,0.824519,False
0.140786,0.161548,0.646781,False
0.175454,0.184825,0.752894,True
0.142442,0.155178,0.684003,False
0.170505,0.172584,0.777624,False
0.193486,0.19672,0.799034,False
0.149389,0.168122,0.672659,False
0.169406,0.172482,0.771708,True
0.168295,0.186365,0.708261,False
0.164545,0.167482,0.765723,False
0.160569,0.175256,0.709074,False
0.168495,0.170792,0.774009,False
0.164188,0.176261,0.725559,True
0.169956,0.177056,0.75488,False
0.152724,0.169685,0.686119,False
0.170569,0.17124,0.784099,False
0.16385,0.190797,0.668511,False
0.181173,0.199139,0.727497,False
0.204678,0.197958,0.850577,False
0.194351,0.19211,0.822713,False
0.162054,0.173781,0.723637,False
0.194922,0.188762,0.840329,False
0.149231,0.158842,0.710965,False
0.179029,0.176763,0.807458,False
0.170812,0.17325,0.776405,False
0.169604,0.167059,0.797949,True
0.180244,0.191437,0.751916,False
0.176839,0.182455,0.770267,False
0.184458,0.18476,0.801894,False
0.164478,0.168166,0.762207,False
0.164392,0.160182,0.799666,False
0.164177,0.18314,0.698247,False
0.158488,0.181326,0.673859,False
0.180267,0.179534,0.801891,False
0.176812,0.175199,0.802015,False
0.136944,0.1549,0.649739,False
0.154869,0.170684,0.694672,True
0.15315,0.168468,0.693601,True
0.155926,0.164924,0.72534,True
0.149602,0.163107,0.694647,False
0.15269,0.16558,0.702922,False
0.16358,0.164415,0.774138,True
0.174408,0.185707,0.743687,False
0.18809,0.173205,0.87636,False
0.153454,0.167518,0.699349,False
0.162288,0.174472,0.72211,False
0.139399,0.153407,0.672059,True
0.165239,0.171911,0.75003,True
0.157863,0.16341,0.743916,False
0.167581,0.163935,0.800814,False
0.17008,0.171572,0.77973,False
0.155711,0.166822,0.715797,False
0.159505,0.178052,0.69196,False
0.18722,0.185186,0.814966,False
0.193695,0.190844,0.824735,False
0.158805,0.178555,0.686088,False
0.185547,0.179161,0.833036,False
0.163107,0.163135,0.777312,False
0.154141,0.162629,0.724601,True
0.173043,0.181364,0.753966,True
0.161328,0.171523,0.728929,False
0.145441,0.155041,0.703949,False
0.172563,0.176676,0.77126,False
0.20756,0.198422,0.863111,False
0.176646,0.18028,0.778491,True
0.138214,0.169159,0.602476,True
0.20769,0.191289,0.895974,False
0.145586,0.165784,0.659207,False
0.151891,0.165368,0.698994,False
0.170937,0.183348,0.734327,False
0.176239,0.177863,0.786779,True
0.151845,0.165443,0.698396,False
0.138203,0.159389,0.639337,False
0.157953,0.171057,0.711181,False
0.177705,0.192152,0.735903,False
0.173338,0.189432,0.723417,False
0.164923,0.169916,0.756977,False
0.176333,0.182557,0.767063,False
0.163576,0.181506,0.701221,False
0.155107,0.168555,0.704857,False
0.152038,0.170721,0.677935,False
0.173402,0.183107,0.748751,False
0.191233,0.190444,0.813533,False
0.15885,0.176542,0.694167,True
0.156575,0.179165,0.671309,False
0.160512,0.170306,0.729346,False
0.139946,0.163943,0.632204,False
0.159749,0.176412,0.699777,False
0.159804,0.155097,0.796302,False
0.166169,0.168063,0.772735,True
0.162464,0.180841,0.697653,True
0.161766,0.159044,0.788881,False
0.175954,0.172349,0.810298,False
0.129077,0.16537,0.561026,True
0.173465,0.180321,0.760674,False
0.154436,0.164047,0.720139,False
0.153622,0.164317,0.713999,False
0.187365,0.184692,0.817931,True
0.160211,0.185737,0.667134,False
0.150619,0.161763,0.706709,False
0.149765,0.156961,0.722883,True
0.143648,0.148535,0.722709,False
0.172526,0.179261,0.759931,False
0.163993,0.161538,0.790485,False
0.15162,0.174184,0.662058,True
0.147,0.147282,0.751622,False
0.142646,0.168537,0.630996,True
0.172659,0.186849,0.729783,False
0.149653,0.161007,0.704027,False
0.149074,0.165142,0.682894,True
0.149511,0.169502,0.667906,False
0.17946,0.169515,0.844529,False
0.176738,0.173349,0.810147,False
0.142264,0.166379,0.636885,True
0.162016,0.193936,0.648235,False
0.16629,0.173278,0.750183,False
0.168683,0.166023,0.797378,False
0.16401,0.15996,0.798387,True
0.185533,0.173573,0.859772,False
0.15117,0.177742,0.646274,False
0.150164,0.173122,0.65771,True
0.163493,0.171487,0.741705,True
0.160212,0.180311,0.68721,False
0.180213,0.177343,0.811495,False
0.162022,0.165221,0.760931,False
0.176454,0.181335,0.772897,False
0.146924,0.167707,0.659627,True
0.132288,0.149965,0.640067,True
0.173711,0.196338,0.699868,False
0.171077,0.163279,0.825438,False
0.14914,0.170566,0.661559,True
0.176267,0.18543,0.754826,False
0.137427,0.146018,0.692568,True
0.183004,0.18823,0.77939,False
0.158656,0.154918,0.789811,False
0.148946,0.153752,0.732644,False
0.179792,0.182485,0.786325,False
0.139049,0.16066,0.639543,True
0.171373,0.187467,0.720517,False
0.154475,0.179611,0.657951,False
0.18002,0.190705,0.753624,False
0.152239,0.165817,0.699197,False
0.141851,0.156282,0.675387,False
0.192724,0.186174,0.840201,False
0.178076,0.175725,0.806807,False
0.177321,0.181373,0.777518,False
0.163413,0.170183,0.746918,False
0.172889,0.165591,0.824857,False
0.157373,0.173914,0.696167,False
0.16478,0.161157,0.797231,False
0.164054,0.169034,0.75579,True
0.186569,0.19112,0.786253,True
0.192387,0.19014,0.820904,False
0.156356,0.175941,0.682368,False
0.155579,0.180012,0.662616,True
0.160914,0.160393,0.776932,False
0.179709,0.176127,0.814236,False
0.14433,0.172588,0.625942,False
0.164946,0.175899,0.731365,False
0.168727,0.172366,0.768287,False
0.162039,0.176988,0.710441,False
0.149545,0.164957,0.686509,True
0.170177,0.171417,0.781005,False
0.175318,0.171649,0.809898,False
0.169532,0.165902,0.803079,False
0.192345,0.186888,0.834966,False
0.160685,0.165354,0.752236,False
0.171246,0.177237,0.761386,True
0.132606,0.153801,0.626171,True
0.1705,0.171311,0.783372,False
0.15912,0.175462,0.699981,False
0.182124,0.176534,0.826042,False
0.149279,0.161331,0.700296,False
0.139058,0.153007,0.67159,True
0.143119,0.165399,0.645828,False
0.168676,0.177987,0.743742,False
0.152698,0.17813,0.653445,False
0.142492,0.159106,0.667431,False
0.169888,0.181466,0.736162,False
0.129893,0.164207,0.569968,False
0.165723,0.166607,0.776812,True
0.14277,0.160344,0.664009,False
0.165413,0.176442,0.731757,False
0.164302,0.177683,0.720393,False
0.159353,0.177965,0.691443,True
0.15001,0.173449,0.65558,False
0.149645,0.169459,0.668865,True
0.184223,0.180039,0.821615,False
0.161504,0.165824,0.755041,False
0.148326,0.155266,0.721515,False
0.160664,0.185737,0.669571,False
0.147514,0.160968,0.69091,False
0.165827,0.167565,0.772997,True
0.168974,0.180178,0.736353,True
0.174996,0.178582,0.776649,False
0.147039,0.160479,0.690054,False
0.164076,0.172431,0.741028,False
0.174772,0.185632,0.745949,False
0.145269,0.170952,0.637423,False
0.167588,0.170319,0.770834,True
0.169675,0.188329,0.708201,False
0.147246,0.154215,0.719426,False
0.187613,0.185972,0.813636,False
0.158385,0.163184,0.748143,False
0.162559,0.160744,0.785464,False
0.133808,0.168339,0.579235,True
0.157992,0.166044,0.732892,False
0.204882,0.200921,0.839047,False
0.173014,0.170066,0.803887,False
0.192504,0.195846,0.797583,False
0.16667,0.171141,0.761773,True
0.157235,0.163796,0.738329,False
0.158582,0.163758,0.746726,True
0.181526,0.176744,0.821676,False
0.181854,0.172427,0.844148,False
0.166096,0.166835,0.77799,False
0.162323,0.159302,0.791093,False
0.151483,0.170753,0.674559,True
0.163241,0.164633,0.771053,False
0.159949,0.180715,0.684221,True
0.161471,0.167096,0.749096,False
0.142006,0.167484,0.631143,True
0.170177,0.197618,0.677456,False
0.176732,0.191621,0.732864,False
0.191339,0.189445,0.818382,False
0.171221,0.17039,0.791839,False
0.152376,0.163371,0.710503,False
0.15281,0.158827,0.733563,False
0.145737,0.178751,0.612231,True
0.152215,0.177412,0.653367,True
0.151826,0.173323,0.666538,False
0.134478,0.175387,0.559776,True
0.150864,0.17169,0.667271,False
0.136511,0.158022,0.634155,True
0.147788,0.158574,0.703068,True
0.142823,0.165926,0.641992,True
0.198913,0.179867,0.904075,False
0.172212,0.177559,0.76545,False
0.136793,0.160581,0.625805,True
0.180375,0.187155,0.769819,False
0.160039,0.175186,0.706332,False
0.167219,0.178659,0.732786,False
0.140491,0.167252,0.622958,True
0.161498,0.172035,0.727749,False
0.161336,0.177863,0.70299,True
0.151706,0.165735,0.696328,True
0.158456,0.176915,0.690477,True
0.185931,0.184174,0.812447,False
0.164397,0.171221,0.748138,False
0.152688,0.165004,0.705366,True
0.153096,0.163155,0.715863,False
0.165238,0.17374,0.742131,False
0.168886,0.173549,0.763968,False
0.160711,0.186026,0.668786,False
0.156457,0.173592,0.69218,True
0.136244,0.156156,0.640027,True
0.164001,0.166356,0.767639,True
0.167452,0.169345,0.774462,False
0.166171,0.1762,0.737064,True
0.158824,0.18278,0.670334,True
0.177405,0.196046,0.719757,False
0.139943,0.155795,0.665251,True
0.15912,0.18244,0.673207,True
0.18356,0.181612,0.810852,False
0.140689,0.163288,0.639291,True
0.182573,0.193249,0.756914,False
0.141857,0.160895,0.656065,False
0.166736,0.166315,0.784269,False
0.15453,0.162664,0.726833,False
0.156842,0.168235,0.716511,True
0.143262,0.162751,0.65721,True
0.16799,0.186818,0.704909,True
0.170153,0.169421,0.790062,False
0.185927,0.190727,0.784507,False
0.169655,0.170926,0.780188,False
0.145386,0.153221,0.711952,False
0.142188,0.166424,0.636252,False
0.136325,0.154014,0.649456,False
0.16142,0.169709,0.737263,False
0.177,0.185462,0.758649,False
0.180844,0.168675,0.856934,False
0.157875,0.159272,0.763313,False
0.169702,0.178182,0.748684,False
0.136596,0.160599,0.624512,True
0.164645,0.172957,0.742062,False
0.167015,0.17702,0.73842,False
0.155186,0.175001,0.679343,False
0.164519,0.185251,0.692137,False
0.163388,0.178038,0.713823,False
0.15445,0.173836,0.679662,False
0.16918,0.183842,0.722798,False
0.170205,0.175998,0.760834,False
0.171788,0.179529,0.754681,False
0.165192,0.167927,0.767548,True
0.172731,0.184227,0.740561,False
0.161331,0.174534,0.71637,False
0.170103,0.184475,0.725315,False
0.178729,0.17442,0.816586,False
0.174721,0.187065,0.739958,False
0.189309,0.18166,0.84228,False
0.172911,0.170773,0.799955,False
0.138372,0.164982,0.618685,True
0.181541,0.179444,0.80939,False
0.15632,0.167737,0.715529,False
0.172261,0.170661,0.796675,False
0.176065,0.171725,0.813886,False
0.185622,0.181893,0.820932,False
0.139828,0.161371,0.641553,True
0.152087,0.172908,0.669645,False
0.163877,0.17903,0.712601,True
0.141659,0.164385,0.640927,False
0.156458,0.177722,0.676103,False
0.181619,0.173233,0.838866,False
0.156802,0.179286,0.67212,False
0.176387,0.165967,0.844063,False
0.169121,0.174324,0.761922,False
0.164686,0.183435,0.699901,False
0.153536,0.174651,0.671258,False
0.145646,0.160262,0.682295,True
0.156519,0.162829,0.738313,False
0.171594,0.164041,0.824756,False
0.181765,0.192229,0.756726,False
0.180466,0.18223,0.79112,False
0.147505,0.157773,0.704844,True
0.199116,0.18646,0.873195,False
0.173963,0.185732,0.74119,False
0.154955,0.164854,0.719759,False
0.178108,0.168337,0.842405,False
0.161501,0.171405,0.73044,False
0.182224,0.200292,0.728556,False
0.176366,0.182874,0.765914,False
0.154745,0.163263,0.725487,False
0.198602,0.192793,0.841844,False
0.161509,0.167134,0.749155,False
0.190076,0.187096,0.821908,False
0.154649,0.158523,0.746577,True
0.149322,0.160241,0.705321,False
0.15695,0.173211,0.696553,False
0.156539,0.160514,0.749088,False
0.154878,0.167817,0.706589,True
0.162741,0.178742,0.707394,False
0.142404,0.166538,0.637117,False
0.173281,0.178709,0.766507,False
0.148225,0.169296,0.661122,False
0.166628,0.173021,0.753251,False
0.187648,0.190541,0.794305,False
0.15506,0.173603,0.684091,True
0.163417,0.178832,0.710817,False
0.176739,0.182588,0.769161,False
0.173034,0.183392,0.745583,False
0.184292,0.168848,0.876483,False
0.164181,0.178143,0.717856,False
0.15158,0.166779,0.691215,False
0.155323,0.16476,0.722403,True
0.160611,0.175449,0.708532,False
0.157402,0.164051,0.738197,False
0.172401,0.19304,0.705043,False
0.174092,0.190107,0.724815,False
0.150025,0.172195,0.660442,False
0.176959,0.17813,0.78964,False
0.175394,0.172513,0.806281,False
0.160285,0.167593,0.739798,False
0.150421,0.163952,0.696062,False
0.13303,0.162707,0.5945,False
0.158536,0.17519,0.697734,False
0.174119,0.17164,0.802952,False
0.15988,0.159203,0.776246,False
0.169542,0.174141,0.765142,False
0.156425,0.162997,0.736979,False
0.170274,0.188464,0.710873,False
0.162203,0.163839,0.768458,False
0.173453,0.172653,0.794386,False
0.171261,0.179055,0.753745,False
0.184067,0.189485,0.779835,False
0.15503,0.163458,0.726363,False
0.151206,0.167611,0.685552,False
0.153314,0.157756,0.74174,False
0.189433,0.187161,0.818188,False
0.179097,0.196736,0.725831,False
0.173262,0.185739,0.737392,False
0.172603,0.174788,0.779819,False
0.16814,0.178666,0.737914,False
0.165154,0.172166,0.74843,False
0.19363,0.181839,0.865212,False
0.149501,0.167026,0.677742,True
0.173773,0.178579,0.769817,False
0.138379,0.163477,0.624425,False
0.16534,0.170505,0.756809,False
0.165805,0.166703,0.776862,False
0.16905,0.170948,0.776551,False
0.134162,0.150369,0.650812,False
0.166304,0.170841,0.760962,False
0.148289,0.166678,0.671886,True
0.180384,0.177499,0.811747,False
0.185565,0.18089,0.825174,False
0.159051,0.164904,0.74438,False
0.156533,0.162313,0.74075,True
0.168978,0.173374,0.765267,False
0.192314,0.185152,0.842628,False
0.196405,0.18455,0.867541,False
0.166465,0.158077,0.823433,False
0.165486,0.169154,0.763716,False
0.14745,0.15474,0.718298,False
0.142756,0.165293,0.644045,True
0.161116,0.174904,0.713626,False
0.134013,0.155115,0.629939,False
0.205879,0.20004,0.847725,False
0.155884,0.173379,0.689727,False
0.167089,0.17914,0.730092,False
0.150752,0.168334,0.679909,True
0.148475,0.157153,0.713795,False
0.152421,0.175766,0.660659,False
0.183587,0.186531,0.78961,False
0.125297,0.161062,0.552563,True
0.138787,0.163307,0.62757,True
0.194328,0.186109,0.849117,False
0.168192,0.17135,0.769724,False
0.152906,0.159067,0.733061,False
0.138057,0.156138,0.651712,True
0.184521,0.181838,0.815126,True
0.171993,0.182636,0.742969,True
0.160164,0.179258,0.690982,False
0.170588,0.189834,0.707396,False
0.135918,0.158775,0.627418,False
0.153647,0.171249,0.685242,False
0.168039,0.165795,0.794588,False
0.186755,0.182678,0.82361,False
0.165246,0.181458,0.71061,False
0.176895,0.18025,0.780003,False
0.207424,0.187871,0.910862,False
0.173712,0.187494,0.732888,False
0.18353,0.199622,0.737541,False
0.165192,0.163259,0.789497,False
0.16643,0.164504,0.791044,False
0.139742,0.162531,0.636446,True
0.160301,0.170282,0.728207,False
0.144857,0.171067,0.634586,False
0.164327,0.165618,0.773025,False
0.144528,0.162358,0.6666,True
0.159811,0.171469,0.720309,False
0.18328,0.188086,0.781449,False
0.169962,0.193739,0.689907,False
0.190448,0.191301,0.805786,False
0.145691,0.170843,0.6403,True
0.188778,0.18921,0.805866,False
0.167899,0.164251,0.801207,False
0.158354,0.17566,0.694833,False
0.166412,0.170623,0.762569,False
0.205463,0.203643,0.830685,False
0.162002,0.165613,0.759012,False
0.151684,0.182056,0.633784,False
0.161877,0.163136,0.769766,False
0.147126,0.161507,0.686198,False
0.189771,0.185179,0.828771,False
0.164659,0.187814,0.683433,True
0.14774,0.16109,0.691788,False
0.197729,0.194549,0.829763,False
0.161119,0.176552,0.706979,False
0.175909,0.173645,0.803989,False
0.174396,0.180601,0.764645,True
0.205565,0.196963,0.859376,False
0.172007,0.177979,0.76249,False
0.188061,0.176318,0.860725,False
0.185098,0.185089,0.80393,False
0.120829,0.162108,0.521437,True
0.172516,0.172839,0.788111,False
0.149671,0.156137,0.7261,False
0.174251,0.190714,0.723336,False
0.173292,0.177452,0.771991,False
0.171197,0.176046,0.766263,False
0.180231,0.181885,0.791332,False
0.160654,0.170879,0.727728,False
0.16404,0.174538,0.731873,True
0.176322,0.180833,0.774315,False
0.132271,0.165316,0.58053,True
0.18121,0.185572,0.780882,False
0.159041,0.170941,0.718031,True
0.17644,0.189821,0.738275,False
0.192342,0.184494,0.845781,False
0.170911,0.170788,0.788176,False
0.157025,0.164626,0.73333,False
0.171603,0.190829,0.70903,False
0.146637,0.1736,0.635584,False
0.142254,0.158331,0.669195,False
0.162185,0.163172,0.771485,False
0.176017,0.178149,0.784273,False
0.139256,0.155303,0.662935,False
0.173645,0.173686,0.790766,False
0.175187,0.186385,0.745163,False
0.172955,0.166849,0.819034,False
0.162309,0.204527,0.6161,False
0.202256,0.19174,0.865527,False
0.168719,0.173318,0.764022,True
0.14051,0.147992,0.704161,True
0.174411,0.196932,0.701312,False
0.153095,0.157664,0.740783,False
0.175256,0.175757,0.790619,False
0.181951,0.173933,0.837397,False
0.182304,0.171066,0.853496,False
0.183934,0.177324,0.832568,False
0.189581,0.189263,0.809886,False
0.185824,0.197539,0.756934,False
0.16225,0.181471,0.69405,False
0.158155,0.178876,0.68123,False
0.141741,0.160337,0.657625,True
0.161983,0.169923,0.739644,False
0.146203,0.163732,0.671236,False
0.165265,0.169945,0.758864,False
0.170529,0.180626,0.743134,False
0.158007,0.189913,0.640857,False
0.159383,0.175749,0.700337,False
0.143233,0.15882,0.673296,False
0.171096,0.191756,0.702954,False
0.164919,0.174972,0.735087,False
0.150073,0.161048,0.706458,True
0.15759,0.181703,0.667514,True
0.155161,0.16809,0.707127,False
0.162262,0.179486,0.701796,False
0.1819,0.190555,0.764084,False
0.149864,0.162734,0.697854,True
0.163531,0.175048,0.72683,False
0.149886,0.168998,0.672112,False
0.133515,0.164191,0.592083,False
0.1803,0.177503,0.811255,False
0.166563,0.169988,0.766307,True
0.162066,0.173164,0.726285,False
0.166227,0.170015,0.76421,False
0.17091,0.173978,0.773719,False
0.15005,0.155991,0.729209,True
0.185862,0.200365,0.746448,False
0.142651,0.172627,0.61607,False
0.157304,0.176519,0.685503,False
0.171197,0.176738,0.763261,False
0.172704,0.17659,0.772433,False
0.149874,0.171103,0.663779,False
0.143167,0.157885,0.67687,True
0.167498,0.175929,0.745741,False
0.139948,0.166138,0.623866,True
0.173739,0.191488,0.717743,False
0.194078,0.193567,0.815107,False
0.184301,0.184473,0.802291,True
0.172486,0.175373,0.776552,False
0.166734,0.172197,0.757466,True
0.169576,0.180459,0.738536,False
0.161613,0.158095,0.79264,False
0.173441,0.173531,0.790295,False
0.163127,0.157786,0.803788,False
0.178775,0.171257,0.83194,False
0.187074,0.185939,0.810879,False
0.179648,0.177092,0.809452,False
0.152657,0.159202,0.730875,False
0.161319,0.155924,0.801794,False
0.135984,0.158481,0.629,True
0.162865,0.158772,0.797154,False
0.147894,0.177086,0.630168,True
0.140506,0.170371,0.61164,True
0.149047,0.161089,0.699902,False
0.165589,0.166699,0.775585,False
0.163319,0.15717,0.80816,False
0.173995,0.174922,0.787179,False
0.167403,0.16372,0.800775,False
0.188463,0.197352,0.771021,False
0.153226,0.162073,0.721438,False
0.168448,0.18139,0.728526,False
0.157916,0.175233,0.694025,False
0.144154,0.171089,0.630397,False
0.17822,0.168003,0.84475,False
0.137683,0.161952,0.626007,False
0.17859,0.171797,0.828247,False
0.149435,0.173956,0.650363,True
0.172345,0.188734,0.720828,False
0.175795,0.172321,0.809507,False
0.178261,0.182474,0.777981,False
0.145055,0.17507,0.621208,True
0.159311,0.167807,0.733051,True
0.194904,0.181957,0.871655,False
0.13879,0.159172,0.643894,True
0.145376,0.158195,0.689501,False
0.162839,0.170422,0.742499,False
0.167828,0.181716,0.723808,False
0.185659,0.173406,0.861325,False
0.170025,0.178331,0.74987,False
0.152913,0.164197,0.710205,False
0.152056,0.161916,0.714912,False
0.133901,0.159653,0.611332,True
0.177944,0.186643,0.758905,False
0.155189,0.162237,0.732811,True
0.181054,0.195348,0.741006,False
0.152696,0.165523,0.703203,False
0.177637,0.17331,0.815514,False
0.190688,0.181867,0.848909,False
0.156763,0.17787,0.67725,False
0.168933,0.170131,0.779595,False
0.177532,0.184603,0.76506,False
0.133237,0.15611,0.620952,False
0.133952,0.162953,0.599268,True
0.132882,0.158473,0.609453,True
0.161358,0.17401,0.718687,False
0.175321,0.180698,0.769357,False
0.182611,0.187688,0.779541,False
0.182218,0.177665,0.821307,False
0.138217,0.155747,0.654374,False
0.175163,0.178668,0.77721,True
0.145643,0.159913,0.683768,False
0.195717,0.189076,0.843138,False
0.188454,0.201309,0.755824,False
0.153013,0.170838,0.683176,False
0.164505,0.164381,0.779926,False
0.162743,0.160699,0.786833,False
0.158064,0.160272,0.759732,False
0.175122,0.170415,0.814613,False
0.179888,0.181154,0.792632,True
0.177027,0.177633,0.792236,True
0.163952,0.170215,0.749944,True
0.160963,0.16546,0.753434,False
0.161947,0.169021,0.743383,False
0.19081,0.176472,0.87555,False
0.185108,0.183288,0.811879,False
0.171651,0.167142,0.809796,False
0.164434,0.165728,0.77316,False
0.156076,0.172559,0.694112,False
0.152698,0.158905,0.732503,False
0.159499,0.166242,0.741081,True
0.147984,0.158275,0.705632,False
0.163305,0.170911,0.743105,False
0.136584,0.165275,0.606769,True
0.159745,0.16477,0.749192,True
0.146647,0.181264,0.608761,True
0.164893,0.171632,0.749235,False
0.180835,0.18138,0.796862,False
0.138542,0.166531,0.613948,False
0.169084,0.170753,0.777634,False
0.183394,0.185648,0.792327,False
0.207407,0.199738,0.856657,False
0.171277,0.175932,0.767215,True
0.160965,0.170243,0.732273,True
0.159442,0.175486,0.701722,False
0.136551,0.152517,0.657309,True
0.171409,0.180687,0.747753,False
0.163749,0.167447,0.761131,False
0.153009,0.172939,0.674854,False
0.153488,0.167485,0.69969,False
0.164386,0.164415,0.77904,True
0.161425,0.163077,0.767277,True
0.180546,0.188258,0.766213,True
0.186293,0.192382,0.779665,False
0.16671,0.179569,0.726241,True
0.167163,0.163742,0.799203,False
0.185654,0.189506,0.788121,False
0.164783,0.176672,0.727243,False
0.155733,0.178998,0.667232,True
0.20126,0.191294,0.86234,False
0.168449,0.172415,0.766458,False
0.189703,0.194694,0.787917,False
0.194129,0.174859,0.902606,False
0.18189,0.174354,0.835026,False
0.15398,0.163235,0.720925,False
0.171303,0.175122,0.770909,False
0.154518,0.170116,0.694929,False
0.157562,0.163911,0.739806,False
0.183075,0.182034,0.806307,True
0.152532,0.171688,0.676994,False
0.178842,0.186007,0.766326,False
0.197687,0.19944,0.809203,False
0.202894,0.191717,0.868959,False
0.172618,0.16982,0.802724,False
0.167028,0.177694,0.735693,False
0.189367,0.188917,0.810235,False
0.204886,0.195708,0.861413,False
0.216915,0.202552,0.891696,False
0.162607,0.170247,0.741905,True
0.153018,0.171828,0.679271,False
0.181992,0.185454,0.785596,False
0.132594,0.173057,0.556432,True
0.151338,0.167096,0.688453,False
0.156378,0.170626,0.70375,True
0.168899,0.166872,0.794618,True
0.166573,0.175366,0.742868,False
0.149374,0.159111,0.710661,True
0.16231,0.170723,0.738095,True
0.147163,0.165227,0.670972,True
0.156591,0.164453,0.731459,False
0.133266,0.158598,0.611399,True
0.159284,0.166848,0.737104,False
0.144618,0.158671,0.682658,True
0.173618,0.176868,0.776386,False
0.183203,0.189481,0.775288,False
0.1659,0.184234,0.703452,False
0.17765,0.187037,0.755734,True
0.192937,0.190153,0.823746,False
0.173674,0.175573,0.782428,True
0.153041,0.166776,0.699986,True
0.148883,0.158171,0.711776,False
0.156976,0.163662,0.737349,False
0.172044,0.170054,0.798244,False
0.149169,0.158199,0.713464,False
0.203827,0.20381,0.821979,False
0.185846,0.181096,0.825779,False
0.160732,0.17476,0.712017,False
0.188923,0.183954,0.829678,False
0.181838,0.186746,0.779338,False
0.166964,0.16382,0.797605,False
0.170229,0.174478,0.767596,True
0.161943,0.157544,0.797512,True
0.160453,0.166666,0.744916,False
0.128117,0.161463,0.568656,True
0.156723,0.174477,0.690195,False
0.180658,0.188188,0.767094,False
0.179485,0.189319,0.756315,False
0.146637,0.164149,0.672176,True
0.187541,0.187551,0.8064,False
0.150157,0.166818,0.68252,True
0.201049,0.202473,0.813685,False
0.148492,0.172829,0.649147,False
0.156001,0.174972,0.684116,False
0.180062,0.180327,0.797231,False
0.177252,0.17303,0.814611,True
0.157655,0.184966,0.656097,True
0.168487,0.161912,0.816414,False
0.164349,0.164969,0.776198,False
0.177899,0.171749,0.824452,False
0.148247,0.179816,0.622563,False
0.160356,0.177483,0.698974,False
0.159482,0.176449,0.698117,False
0.161083,0.165078,0.7559,False
0.143712,0.156264,0.687375,True
0.188797,0.197694,0.771379,False
0.162947,0.16399,0.772284,False
0.149068,0.164872,0.683975,True
0.163537,0.178781,0.711691,False
0.183217,0.188939,0.777587,False
0.163209,0.167135,0.759319,False
0.174747,0.186796,0.741169,False
0.161191,0.173834,0.718449,False
0.17835,0.182683,0.777572,False
0.184939,0.183182,0.811427,False
0.17575,0.181302,0.769163,False
0.141834,0.166467,0.633966,True
0.169393,0.173323,0.767889,False
0.166514,0.180109,0.722973,False
0.150249,0.16171,0.704648,True
0.165838,0.172941,0.749029,False
0.170197,0.170208,0.78667,False
0.145038,0.163251,0.666079,False
0.172285,0.168535,0.806864,False
0.198411,0.19719,0.822101,False
0.178611,0.181909,0.782318,False
0.154411,0.159576,0.740158,False
0.171783,0.173135,0.782527,True
0.14964,0.177857,0.637254,True
0.181437,0.177568,0.81736,False
0.170527,0.177246,0.75729,False
0.171455,0.180634,0.748228,False
0.153799,0.163759,0.717511,True
0.161574,0.176939,0.708006,False
0.158948,0.169312,0.724392,False
0.150315,0.164772,0.691955,False
0.160901,0.169531,0.73497,False
0.139449,0.147916,0.697348,False
0.159934,0.165097,0.748857,False
0.199461,0.185546,0.879356,False
0.182831,0.177362,0.826168,False
0.20999,0.206912,0.83944,False
0.187313,0.202274,0.746575,False
0.150124,0.158347,0.718828,True
0.167643,0.171603,0.765392,False
0.195269,0.172727,0.920351,False
0.150106,0.158612,0.717517,True
0.173656,0.18908,0.726443,False
0.174584,0.180842,0.764665,False
0.176928,0.168724,0.833479,False
0.178961,0.19684,0.724759,False
0.185487,0.181091,0.823824,True
0.146697,0.169422,0.65161,True
0.187328,0.181798,0.830744,False
0.172433,0.16879,0.806521,False
0.16967,0.171484,0.777743,False
0.147299,0.151333,0.73347,False
0.168581,0.169346,0.781129,False
0.155957,0.169215,0.707128,False
0.17514,0.182501,0.760763,True
0.162975,0.173534,0.729975,False
0.185081,0.185217,0.803277,False
0.158586,0.17088,0.715622,False
0.164765,0.18876,0.680571,False
0.142257,0.164243,0.645125,False
0.166367,0.175845,0.739669,False
0.156265,0.191117,0.627703,True
0.152652,0.179624,0.647754,False
0.159165,0.168629,0.728612,False
0.168874,0.170264,0.778634,False
0.164898,0.167682,0.766915,False
0.188375,0.181498,0.83789,False
0.191002,0.18295,0.845601,False
0.165554,0.174198,0.741993,False
0.136708,0.16651,0.603014,False
0.15265,0.168038,0.692403,False
0.174512,0.17893,0.772437,False
0.151969,0.160906,0.718863,True
0.169037,0.186831,0.710469,True
0.14391,0.163109,0.659746,True
0.149687,0.162283,0.6987,False
0.164381,0.167073,0.766613,False
0.217472,0.197417,0.917713,False
0.13646,0.168102,0.595831,False
0.170116,0.173896,0.76952,False
0.14268,0.165513,0.64273,False
0.157459,0.162583,0.745216,False
0.164093,0.183823,0.695198,True
0.156287,0.173626,0.691067,True
0.190812,0.182367,0.847259,False
0.159533,0.169118,0.728681,False
0.150608,0.18484,0.618418,False
0.167089,0.166768,0.784254,True
0.181636,0.181102,0.802506,False
0.166971,0.177237,0.737271,True
0.155713,0.171105,0.697894,False
0.1687,0.180213,0.73469,False
0.167966,0.161798,0.813766,False
0.176358,0.171227,0.817969,False
0.156446,0.150773,0.79687,False
0.187238,0.189569,0.796219,False
0.16206,0.172982,0.727013,False
0.148169,0.175852,0.636157,False
0.175404,0.182615,0.761733,False
0.16757,0.184128,0.71293,True
0.155208,0.170195,0.698656,False
0.186393,0.182982,0.820257,False
0.137572,0.160222,0.632072,False
0.196592,0.186333,0.860246,False
0.143264,0.175372,0.609924,False
0.149544,0.178865,0.633125,True
0.143561,0.163953,0.65422,False
0.174824,0.167296,0.828014,False
0.146343,0.16967,0.648568,False
0.182441,0.184453,0.792293,False
0.18355,0.187456,0.785518,False
0.166588,0.178559,0.729664,False
0.193012,0.186219,0.841544,False
0.157065,0.182767,0.660756,False
0.182268,0.196272,0.743703,False
0.175527,0.173703,0.801522,False
0.158235,0.169175,0.720765,False
0.146771,0.149727,0.737819,False
0.176052,0.187596,0.744964,False
0.166959,0.173239,0.754213,False
0.144474,0.158685,0.68169,False
0.153154,0.166593,0.701433,True
0.157376,0.183062,0.661395,False
0.163602,0.172357,0.738598,False
0.156819,0.181001,0.665847,True
0.177942,0.178172,0.794973,False
0.161704,0.174932,0.716873,False
0.153449,0.158608,0.738608,False
0.142849,0.15925,0.669068,True
0.134817,0.159725,0.616792,True
0.13449,0.171661,0.571997,False
0.199231,0.197348,0.825602,False
0.160198,0.175392,0.706406,False
0.191912,0.198474,0.784043,False
0.172624,0.179041,0.761412,True
0.168692,0.182039,0.727272,False
0.190219,0.19012,0.809587,False
0.180865,0.181059,0.798439,False
0.158624,0.15723,0.777995,False
0.171148,0.183207,0.73604,True
0.148432,0.168463,0.665621,False
0.143478,0.157654,0.679828,False
0.171464,0.16928,0.798467,False
0.177716,0.184872,0.764938,False
0.152974,0.155492,0.750353,True
0.180838,0.188093,0.768438,False
0.193691,0.182254,0.863583,False
0.174928,0.176316,0.786249,False
0.147321,0.153404,0.723716,True
0.149409,0.161381,0.700884,True
0.168429,0.172109,0.767707,False
0.18726,0.190224,0.793588,False
0.156699,0.167984,0.716729,False
0.153017,0.171426,0.68086,True
0.155288,0.165492,0.718995,False
0.174329,0.183512,0.752149,True
0.154637,0.160651,0.736611,True
0.179527,0.172432,0.83063,False
0.141517,0.16176,0.650452,False
0.174036,0.182362,0.755289,False
0.188187,0.183116,0.829458,False
0.150434,0.157774,0.7234,False
0.148941,0.167326,0.673182,False
0.164306,0.163087,0.784894,False
0.150267,0.16794,0.67862,False
0.153195,0.174073,0.671531,False
0.171575,0.17835,0.758479,False
0.158288,0.163485,0.746173,False
0.131295,0.165943,0.572456,True
0.171128,0.170154,0.79239,False
0.151445,0.172383,0.667958,True
0.171157,0.17833,0.756223,False
0.171069,0.170259,0.791554,False
0.165913,0.178608,0.725687,False
0.1541,0.154244,0.763726,False
0.135068,0.157954,0.625299,False
0.158156,0.177472,0.68662,True
0.165653,0.169394,0.763619,False
0.16482,0.18354,0.700227,False
0.177061,0.176306,0.798394,False
0.154311,0.169624,0.695724,False
0.138862,0.156443,0.655585,False
0.194194,0.183639,0.859809,False
0.161303,0.158795,0.787199,False
0.173702,0.172299,0.797464,False
0.178037,0.186718,0.759097,False
0.171764,0.178539,0.758737,False
0.147204,0.178653,0.620777,True
0.19291,0.195801,0.799843,False
0.19258,0.19228,0.812777,False
0.164666,0.177813,0.721916,False
0.165886,0.182837,0.708751,False
0.18063,0.183423,0.786869,False
0.173493,0.184749,0.742595,False
0.183611,0.185367,0.794699,False
0.165841,0.167777,0.772098,False
0.163819,0.173855,0.733482,False
0.198057,0.182512,0.886281,False
0.180096,0.179397,0.801547,False
0.188129,0.186721,0.813135,False
0.1535,0.162708,0.720305,False
0.165045,0.165609,0.777403,False
0.193107,0.173066,0.906056,False
0.170292,0.170426,0.786213,False
0.150927,0.171147,0.669758,True
0.177242,0.173011,0.814639,False
0.168503,0.169468,0.780111,True
0.132941,0.166331,0.581017,False
0.159037,0.17326,0.708399,False
0.160102,0.174719,0.708578,False
0.17629,0.184113,0.760347,False
0.160075,0.170464,0.726108,False
0.14741,0.166103,0.668921,True
0.170259,0.170548,0.785461,True
0.164003,0.181617,0.703143,False
0.146569,0.155141,0.710769,False
0.152887,0.164387,0.709222,False
0.172544,0.179033,0.761001,False
0.164713,0.182295,0.704424,False
0.151684,0.174281,0.662058,False
0.151006,0.181238,0.632899,True
0.183017,0.18044,0.813104,False
0.166529,0.177673,0.732971,False
0.135719,0.167854,0.592292,True
0.168957,0.171715,0.772539,True
0.135616,0.166917,0.595,True
0.159644,0.168758,0.730893,True
0.142195,0.152901,0.692571,False
0.156564,0.165146,0.728227,False
0.183693,0.180608,0.816093,False
0.147273,0.156356,0.709747,False
0.188937,0.190259,0.80226,False
0.15374,0.173354,0.67746,True
0.163953,0.172958,0.738055,True
0.191714,0.187704,0.827975,False
0.174477,0.182075,0.7589,False
0.148447,0.157774,0.710811,True
0.167468,0.173095,0.757782,False
0.160046,0.170032,0.727778,False
0.161497,0.165334,0.757234,False
0.169949,0.179285,0.745456,False
0.168531,0.185617,0.712385,False
0.191151,0.195628,0.791556,False
0.152736,0.167243,0.696208,False
0.155972,0.185799,0.644094,False
0.151642,0.175489,0.657257,False
0.158498,0.181305,0.673991,False
0.178299,0.184464,0.769793,False
0.172432,0.177917,0.765144,False
0.199859,0.178933,0.914081,False
0.169635,0.177858,0.749667,False
0.179171,0.180733,0.790508,False
0.180825,0.186181,0.776262,False
0.143257,0.157813,0.677745,True
0.172149,0.181711,0.747613,False
0.16108,0.1808,0.690152,False
0.205186,0.197241,0.856242,False
0.18034,0.191217,0.753278,False
0.17396,0.184811,0.744866,False
0.13013,0.165851,0.565751,True
0.158297,0.169695,0.718918,False
0.183279,0.195152,0.753153,False
0.174817,0.185797,0.745531,False
0.143014,0.16338,0.653164,False
0.143736,0.162217,0.662297,False
0.18883,0.179132,0.851498,True
0.18802,0.181036,0.838066,False
0.14703,0.163953,0.675379,False
0.153974,0.16224,0.725308,False
0.169826,0.183421,0.727978,False
0.170582,0.166906,0.804537,False
0.175868,0.179819,0.776158,False
0.193991,0.207692,0.759254,False
0.154378,0.160301,0.736601,False
0.1823,0.176289,0.828185,False
0.144086,0.164522,0.655144,False
0.194561,0.178448,0.886874,False
0.160637,0.190851,0.651485,False
0.167747,0.178704,0.735558,False
0.142856,0.172428,0.617971,False
0.184253,0.186454,0.793507,False
0.173576,0.178417,0.769414,False
0.163294,0.16685,0.761124,False
0.142809,0.170694,0.623972,False
0.193849,0.192187,0.819772,False
0.140591,0.165353,0.630717,True
0.129078,0.163588,0.567141,False
0.168326,0.173247,0.762067,False
0.163033,0.191322,0.662405,True
0.168617,0.170796,0.77471,False
0.155297,0.171314,0.69461,False
0.158196,0.15861,0.768531,False
0.16472,0.165756,0.774754,False
0.19079,0.192679,0.8018,False
0.142614,0.15881,0.669442,True
0.156423,0.161336,0.744552,False
0.186637,0.180823,0.831403,False
0.146885,0.151052,0.732104,False
0.188054,0.192429,0.788622,False
0.185568,0.180675,0.826171,False
0.165349,0.172076,0.749953,False
0.179393,0.183038,0.781763,False
0.171115,0.179903,0.749378,False
0.174172,0.170526,0.808511,False
0.165529,0.177551,0.727844,False
0.145272,0.164114,0.664002,True
0.157764,0.167829,0.723739,False
0.171209,0.179771,0.750449,False
0.169655,0.173529,0.768487,False
0.186067,0.19185,0.780646,False
0.170389,0.182907,0.7331,False
0.162873,0.166013,0.762425,False
0.165154,0.175412,0.73458,False
0.15566,0.165459,0.72139,True
0.140529,0.174523,0.597222,True
0.151543,0.166073,0.693928,True
0.177548,0.177347,0.796448,False
0.158468,0.166658,0.733046,False
0.165148,0.174055,0.740271,False
0.159479,0.167548,0.73519,True
0.191273,0.185613,0.834927,False
0.168549,0.163702,0.807868,False
0.159846,0.174518,0.707929,False
0.147851,0.160011,0.697145,False
0.169093,0.174753,0.759887,False
0.177906,0.190894,0.741806,False
0.175266,0.180287,0.770806,False
0.152501,0.17076,0.680494,False
0.165499,0.177497,0.727894,False
0.146113,0.160359,0.684791,False
0.183334,0.17179,0.855892,False
0.140453,0.159574,0.652695,True
0.139376,0.163424,0.630729,False
0.156466,0.178882,0.671763,False
0.170995,0.174568,0.771594,False
0.199913,0.186672,0.876472,False
0.171499,0.175494,0.770393,False
0.203605,0.19449,0.860226,False
0.167561,0.175605,0.747481,False
0.167416,0.178475,0.734649,False
0.157344,0.171285,0.706682,False
0.168693,0.171079,0.773872,False
0.1619,0.173586,0.723561,False
0.165359,0.174083,0.741364,True
0.151703,0.15906,0.725529,False
0.15303,0.168428,0.693053,False
0.161024,0.168012,0.742353,False
0.175959,0.180379,0.774255,False
0.169928,0.186006,0.718407,False
0.158408,0.179396,0.680663,False
0.139382,0.159245,0.647318,False
0.150585,0.164699,0.693904,False
0.189597,0.192038,0.798263,False
0.166163,0.162814,0.797612,False
0.164419,0.173041,0.740392,False
0.201052,0.195045,0.844687,False
0.170637,0.167267,0.803127,True
0.184844,0.186952,0.79456,False
0.17734,0.176811,0.797685,False
0.144106,0.164785,0.654221,False
0.165685,0.176846,0.731625,True
0.162002,0.158076,0.795203,False
0.147498,0.17475,0.636323,True
0.176573,0.179932,0.779587,False
0.176422,0.183862,0.762104,False
0.181149,0.190871,0.758883,False
0.151023,0.165776,0.692037,False
0.145664,0.155292,0.70425,False
0.15561,0.171222,0.696817,False
0.179645,0.180723,0.793176,False
0.184566,0.182442,0.812674,False
0.197423,0.201941,0.797871,False
0.156827,0.177469,0.679145,False
0.170294,0.185532,0.722215,False
0.17127,0.170612,0.791094,False
0.154116,0.171628,0.686462,False
0.169134,0.16975,0.78253,False
0.149895,0.158942,0.714695,False
0.15317,0.163936,0.712902,True
0.168837,0.178056,0.744358,False
0.160161,0.172311,0.718823,False
0.16169,0.168016,0.746297,False
0.155006,0.168132,0.706031,False
0.170161,0.172117,0.777732,False
0.160557,0.178393,0.696536,False
0.161649,0.170838,0.733733,False
0.164021,0.164249,0.777606,False
0.150671,0.166018,0.688909,True
0.18318,0.180027,0.815874,False
0.151695,0.15954,0.723302,True
0.157967,0.158346,0.768364,False
0.180742,0.18322,0.788353,False
0.141238,0.169809,0.617973,False
0.160504,0.176617,0.703239,False
0.163938,0.179608,0.71065,False
0.159373,0.167079,0.736611,False
0.158007,0.169075,0.719837,True
0.183712,0.196707,0.749403,False
0.181259,0.177714,0.815689,False
0.184622,0.195705,0.757884,False
0.16506,0.17003,0.757279,True
0.166528,0.17689,0.73621,False
0.165113,0.181381,0.710179,False
0.160462,0.174,0.713571,True
0.165876,0.170393,0.760456,True
0.144699,0.166145,0.652434,True
0.1601,0.16433,0.753362,False
0.15436,0.168499,0.700657,False
0.125175,0.157034,0.565961,False
0.174064,0.176104,0.782285,False
0.137989,0.153173,0.663884,False
0.178449,0.185764,0.765215,False
0.174314,0.188075,0.733826,True
0.163213,0.166898,0.760423,False
0.140108,0.169498,0.612447,True
0.164313,0.174925,0.731818,True
0.162606,0.17368,0.727234,True
0.165527,0.181125,0.713469,False
0.158293,0.184683,0.660555,True
0.178899,0.178706,0.797953,False
0.153409,0.166576,0.703037,False
0.149748,0.164196,0.690934,False
0.165297,0.180189,0.715896,False
0.152305,0.159164,0.728844,False
0.146797,0.159496,0.692788,False
0.180297,0.171655,0.838877,False
0.132577,0.1569,0.613618,True
0.16755,0.193213,0.679301,False
0.157722,0.170434,0.712432,True
0.164289,0.175922,0.727532,False
0.186309,0.192867,0.777785,False
0.185551,0.183691,0.81251,False
0.14541,0.172053,0.634166,True
0.181229,0.172222,0.841523,False
0.146705,0.158148,0.698115,False
0.196296,0.192754,0.830055,False
0.158272,0.157413,0.77485,False
0.182216,0.186472,0.782509,False
0.199831,0.184431,0.886678,False
0.173164,0.176591,0.775031,False
0.177487,0.179173,0.787994,False
0.171742,0.168161,0.805432,False
0.173488,0.187362,0.732208,False
0.167497,0.172522,0.760465,False
0.179989,0.178903,0.803168,False
0.204007,0.200198,0.837703,False
0.15998,0.175831,0.703402,True
0.162024,0.165759,0.758473,False
0.170103,0.165718,0.807413,False
0.149843,0.162845,0.697249,False
0.181046,0.180196,0.803272,False
0.168981,0.178276,0.744245,False
0.140223,0.163438,0.63586,True
0.131276,0.168992,0.562014,False
0.169399,0.187168,0.711121,True
0.15948,0.167727,0.734408,False
0.171535,0.180084,0.750952,True
0.167838,0.167661,0.784545,False
0.153461,0.160091,0.731838,False
0.187342,0.18668,0.809098,False
0.165264,0.179361,0.719017,True
0.127221,0.169649,0.535937,False
0.158794,0.159858,0.766265,False
0.167645,0.174263,0.753718,True
0.174334,0.185924,0.742419,False
0.157861,0.171108,0.710431,False
0.170963,0.169211,0.795831,False
0.176441,0.175819,0.797074,False
0.137094,0.165692,0.608319,True
0.161228,0.167989,0.743665,False
0.170889,0.174237,0.772448,False
0.13341,0.151051,0.642895,False
0.159283,0.179192,0.68632,True
0.176919,0.172264,0.816299,False
0.149729,0.16684,0.679869,False
0.173805,0.190577,0.721521,False
0.157286,0.17229,0.70222,False
0.153349,0.162073,0.722199,False
0.198994,0.197982,0.821759,False
0.171454,0.180581,0.74844,False
0.176991,0.174558,0.805982,False
0.154809,0.160747,0.737241,False
0.158569,0.160201,0.763219,False
0.13407,0.165587,0.590446,False
0.149252,0.1634,0.691265,True
0.158548,0.163561,0.747411,False
0.152005,0.161939,0.714494,True
0.165828,0.169171,0.765666,False
0.176069,0.176775,0.790662,False
0.145248,0.164509,0.662261,False
0.137398,0.169146,0.597699,True
0.165617,0.176284,0.73357,False
0.143271,0.158031,0.676901,False
0.176976,0.165697,0.848999,False
0.172681,0.17336,0.786695,False
0.161171,0.165801,0.753135,False
0.172007,0.16456,0.824664,False
0.161801,0.183033,0.685676,False
0.135775,0.159904,0.622092,False
0.173688,0.17218,0.797932,False
0.197386,0.185196,0.869815,False
0.16736,0.176636,0.741975,False
0.16108,0.185376,0.673118,True
0.182938,0.182638,0.802887,False
0.154834,0.170434,0.69548,False
0.163856,0.161661,0.789034,False
0.169589,0.178383,0.747205,False
0.171022,0.17899,0.75268,False
0.154677,0.172002,0.688229,False
0.1704,0.185494,0.722936,False
0.180383,0.191901,0.750819,False
0.173286,0.184474,0.742576,False
0.15725,0.165107,0.732557,False
0.170276,0.164618,0.813862,False
0.150121,0.174192,0.653422,False
0.172134,0.181436,0.74866,False
0.147538,0.161045,0.690726,False
0.163027,0.168779,0.750847,False
0.18039,0.192048,0.750284,True
0.161686,0.174314,0.719312,False
0.15996,0.186107,0.664459,False
0.155793,0.169971,0.703017,False
0.199976,0.194096,0.843276,False
0.212948,0.200258,0.882101,False
0.193844,0.195321,0.80659,False
0.170821,0.171081,0.7863,False
0.183218,0.186409,0.788149,False
0.184895,0.194694,0.763224,False
0.15917,0.161802,0.759385,False
0.154809,0.174045,0.680912,False
0.170077,0.18309,0.730658,False
0.175078,0.175074,0.792683,False
0.193215,0.190719,0.822758,False
0.140152,0.155707,0.666972,False
0.130043,0.156034,0.600789,True
0.186524,0.192398,0.780797,False
0.166757,0.163114,0.799791,False
0.169145,0.178513,0.74418,False
0.143966,0.160179,0.67216,True
0.173515,0.167662,0.818403,False
0.161511,0.166319,0.752835,False
0.166408,0.176408,0.737541,False
0.144785,0.168176,0.645068,True
0.164138,0.179112,0.71373,False
0.155361,0.171657,0.693597,True
0.14735,0.162749,0.682337,True
0.15926,0.169372,0.725973,False
0.122376,0.164252,0.52405,True
0.157499,0.172025,0.70454,False
0.178265,0.182591,0.777502,False
0.164101,0.17395,0.734701,False
0.199373,0.190971,0.853914,False
0.187589,0.181772,0.832301,False
0.172959,0.174349,0.783822,False
0.177069,0.190466,0.739077,False
0.139842,0.169149,0.612137,True
0.170231,0.184838,0.724588,False
0.162537,0.169199,0.746086,False
0.149904,0.165943,0.684595,False
0.173224,0.194521,0.703905,False
0.176227,0.181923,0.769154,False
0.181487,0.188026,0.772162,True
0.155455,0.160415,0.742793,False
0.134421,0.152469,0.643551,True
0.152932,0.169153,0.689503,False
0.16067,0.17263,0.720441,False
0.164199,0.18135,0.705261,False
0.144437,0.155608,0.69493,False
0.188533,0.195897,0.777111,False
0.151074,0.174247,0.658688,False
0.155907,0.171929,0.695679,False
0.146087,0.157596,0.696635,False
0.14963,0.159942,0.708568,False
0.187469,0.181086,0.834789,False
0.161073,0.164677,0.757684,False
0.173193,0.167921,0.815225,False
0.156211,0.182579,0.656762,True
0.184521,0.182658,0.811463,False
0.145704,0.171393,0.638322,False
0.175713,0.194309,0.717482,False
0.178558,0.176376,0.806563,False
0.204659,0.182799,0.921007,False
0.174936,0.187853,0.738004,False
0.164287,0.163503,0.782784,True
0.157118,0.166674,0.724878,False
0.177145,0.188012,0.749127,False
0.151335,0.168818,0.681415,False
0.155501,0.16229,0.734493,False
0.194644,0.191602,0.82642,False
0.171841,0.179044,0.757026,False
0.185197,0.1975,0.753908,False
0.169903,0.178236,0.749585,False
0.174541,0.183984,0.751376,False
0.146123,0.170316,0.644821,True
0.161059,0.189433,0.658594,False
0.196732,0.199034,0.806054,True
0.141574,0.165288,0.636914,True
0.157236,0.178454,0.677685,True
0.160569,0.173922,0.714509,False
0.179932,0.187418,0.766372,False
0.203148,0.190166,0.877381,False
0.161215,0.178993,0.697877,False
0.183992,0.176479,0.836877,True
0.176138,0.179971,0.777002,False
0.130157,0.159663,0.587846,False
0.151618,0.166777,0.691453,False
0.166791,0.174677,0.74704,False
0.15127,0.155481,0.73945,False
0.182475,0.171757,0.851054,False
0.168151,0.168383,0.783043,False
0.169422,0.195286,0.68168,False
0.175129,0.186772,0.743304,False
0.185183,0.184742,0.805895,False
0.171285,0.175158,0.770646,False
0.167344,0.187469,0.699016,False
0.169693,0.178714,0.746405,False
0.183851,0.179825,0.820521,False
0.182081,0.178869,0.815017,True
0.134492,0.164428,0.597171,True
0.216107,0.212794,0.844982,False
0.159523,0.172468,0.714469,True
0.182435,0.188437,0.775512,False
0.163749,0.170101,0.749255,False
0.199062,0.198374,0.820481,False
0.155468,0.160097,0.74435,False
0.152466,0.172217,0.674531,False
0.176435,0.177146,0.791069,False
0.185964,0.195649,0.764962,False
0.161533,0.172258,0.727007,False
0.166215,0.17065,0.761293,False
0.156007,0.181243,0.660474,False
0.180878,0.183061,0.78978,True
0.173007,0.173303,0.788833,False
0.155709,0.177549,0.672539,False
0.170504,0.180293,0.744368,True
0.150472,0.164635,0.693483,True
0.17387,0.181408,0.758345,False
0.177842,0.181908,0.778094,False
0.182792,0.173371,0.844964,False
0.162646,0.169689,0.744574,False
0.163022,0.17079,0.741974,False
0.183509,0.183093,0.804014,False
0.193043,0.197214,0.794786,False
0.173772,0.175638,0.782701,False
0.159848,0.177215,0.697166,True
0.148777,0.161088,0.698235,True
0.149321,0.16609,0.68048,True
0.188763,0.209012,0.729444,False
0.166826,0.192979,0.676375,False
0.163432,0.174316,0.729316,False
0.194679,0.198353,0.798469,False
0.202622,0.194392,0.855602,False
0.151652,0.163222,0.706718,False
0.152198,0.158689,0.730342,False
0.166747,0.177527,0.734798,False
0.153688,0.16197,0.724749,False
0.178048,0.198935,0.712532,False
0.167259,0.179769,0.728486,False
0.152506,0.17141,0.677943,False
0.167239,0.163817,0.799301,False
0.188511,0.192236,0.791791,False
0.193323,0.17839,0.880219,False
0.15026,0.16487,0.691209,True
0.151426,0.17315,0.664894,True
0.173618,0.174126,0.78861,False
0.153677,0.170589,0.688069,True
0.171056,0.173053,0.778701,False
0.158731,0.170894,0.716417,True
0.1685,0.178896,0.738978,True
0.179243,0.19456,0.734698,False
0.182229,0.177019,0.82437,False
0.169507,0.169015,0.788134,False
0.178026,0.192985,0.734385,True
0.181261,0.175355,0.82667,False
0.186294,0.201053,0.746043,True
0.14936,0.169466,0.667153,False
0.166184,0.171029,0.759431,False
0.15867,0.177816,0.688184,False
0.153474,0.178635,0.655944,False
0.169439,0.180994,0.735602,False
0.174792,0.19012,0.728445,False
0.182439,0.183844,0.794908,False
0.178904,0.182087,0.783167,False
0.190325,0.181619,0.848064,False
0.161502,0.172923,0.724037,False
0.141498,0.161638,0.650825,False
0.153561,0.155037,0.756344,True
0.152542,0.166395,0.698594,False
0.131391,0.150403,0.632246,False
0.178432,0.174459,0.814701,False
0.1759,0.178698,0.781203,False
0.175898,0.181407,0.769532,False
0.172382,0.170136,0.799845,False
0.16463,0.170199,0.754001,False
0.172265,0.176922,0.7685,False
0.143078,0.160729,0.66434,False
0.188366,0.186382,0.815887,False
0.149462,0.153346,0.737954,False
0.1641,0.184612,0.69226,False
0.169394,0.166466,0.799527,False
0.155092,0.17088,0.695177,False
0.150861,0.165761,0.69112,False
0.142746,0.170861,0.622996,False
0.163853,0.168732,0.755952,False
0.184458,0.175184,0.84573,False
0.200615,0.193992,0.847022,False
0.181709,0.185161,0.785314,False
0.163885,0.177667,0.718111,True
0.170794,0.185674,0.724357,False
0.14984,0.163442,0.694682,False
0.182854,0.182862,0.801445,False
0.167733,0.182136,0.721622,False
0.129442,0.155734,0.59808,True
0.154772,0.17437,0.679429,False
0.178212,0.177032,0.801617,False
0.158562,0.162624,0.751809,False
0.189371,0.18446,0.829834,False
0.171752,0.175117,0.773494,False
0.15257,0.169744,0.684973,False
0.151338,0.169938,0.67694,False
0.174792,0.17709,0.782044,False
0.198731,0.183346,0.885924,False
0.158087,0.174323,0.69863,True
0.162444,0.160538,0.785755,False
0.167875,0.172234,0.763929,False
0.193656,0.183036,0.859697,False
0.190256,0.179487,0.857757,False
0.163438,0.174639,0.728002,True
0.17333,0.181063,0.756811,False
0.141084,0.16406,0.638696,False
0.166949,0.166112,0.786511,False
0.175545,0.174339,0.798701,False
0.174486,0.18352,0.752974,False
0.154933,0.176833,0.670874,False
0.140605,0.151281,0.68948,False
0.166192,0.188586,0.688767,False
0.171786,0.177452,0.763506,True
0.1556,0.154257,0.773383,False
0.170726,0.187456,0.717103,False
0.168698,0.184929,0.715937,False
0.138534,0.154016,0.663786,False
0.154755,0.161824,0.731996,False
0.150875,0.16835,0.680576,False
0.190033,0.182644,0.841704,False
0.180613,0.178722,0.807472,False
0.162799,0.166348,0.76045,False
0.15879,0.178525,0.68612,False
0.181214,0.18833,0.769465,False
0.154219,0.153565,0.767881,False
0.170713,0.165813,0.810633,False
0.172786,0.178133,0.766201,True
0.158005,0.17805,0.683546,False
0.168266,0.173636,0.760012,False
0.170973,0.175241,0.768499,False
0.176811,0.19315,0.727473,True
0.161904,0.166038,0.756479,False
0.152024,0.167067,0.692681,False
0.165566,0.174341,0.741457,False
0.18757,0.184282,0.820858,False
0.135966,0.164517,0.605808,True
0.173247,0.16965,0.807234,False
0.180761,0.166972,0.86518,False
0.171867,0.178315,0.760263,False
0.166932,0.177871,0.734424,False
0.197194,0.182434,0.881928,False
0.198388,0.201233,0.805473,False
0.172363,0.185791,0.732344,True
0.183447,0.183243,0.803014,False
0.164748,0.175485,0.731964,False
0.180314,0.177944,0.809319,False
0.157188,0.166745,0.724986,False
0.143478,0.172006,0.623106,True
0.147205,0.170393,0.650879,True
0.170318,0.185128,0.723918,True
0.156455,0.177891,0.675439,True
0.187447,0.183879,0.821991,False
0.187429,0.188464,0.801898,False
0.157835,0.174157,0.697849,False
0.183272,0.183067,0.802829,False
0.204584,0.185854,0.905463,False
0.167599,0.180033,0.729308,False
0.171329,0.177084,0.762514,False
0.191979,0.196834,0.790916,False
0.167671,0.172094,0.763371,False
0.168647,0.172141,0.768829,False
0.15385,0.176508,0.665977,False
0.164404,0.159877,0.801261,False
0.160581,0.174666,0.711532,True
0.153615,0.177347,0.661497,False
0.174641,0.168538,0.820829,False
0.148122,0.161405,0.692806,True
0.155689,0.173751,0.687126,True
0.179522,0.193432,0.740428,False
0.175883,0.175864,0.793702,False
0.173193,0.177853,0.769695,False
0.187519,0.188289,0.803121,False
0.171028,0.173363,0.777141,False
0.182878,0.181467,0.807741,False
0.149007,0.160973,0.700159,False
0.151691,0.176135,0.655128,False
0.179901,0.17741,0.80943,False
0.157334,0.160246,0.755301,False
0.151149,0.171101,0.671234,False
0.186698,0.184095,0.816956,False
0.187021,0.18044,0.835294,False
0.197663,0.18988,0.849814,False
0.164464,0.180762,0.709019,False
0.190835,0.184513,0.837525,False
0.158997,0.171236,0.716537,False
0.161612,0.176713,0.70913,True
0.173598,0.186577,0.735878,False
0.152138,0.175287,0.660848,False
0.149248,0.171064,0.660265,True
0.182302,0.1962,0.744147,False
0.175061,0.177061,0.78369,False
0.182087,0.193887,0.75192,False
0.183441,0.187698,0.783924,False
0.168404,0.175555,0.75249,True
0.158179,0.176987,0.688632,False
0.164422,0.17085,0.74991,False
0.202691,0.195363,0.851701,False
0.161818,0.176867,0.709674,False
0.155434,0.170365,0.699287,False
0.144878,0.157368,0.689965,False
0.176825,0.180729,0.777544,True
0.197264,0.191621,0.840013,False
0.159182,0.179401,0.684958,False
0.185139,0.18475,0.805626,False
0.173715,0.179265,0.766542,False
0.189905,0.171872,0.893715,False
0.130382,0.150749,0.624097,True
0.184135,0.192709,0.767145,False
0.181196,0.175731,0.824536,False
0.207183,0.197162,0.866712,False
0.153971,0.15632,0.752758,False
0.160447,0.163937,0.757286,False
0.16,0.176897,0.699275,False
0.161399,0.184096,0.67953,True
0.187582,0.193096,0.783453,False
0.182732,0.180552,0.81102,False
0.167947,0.18336,0.717971,True
0.181865,0.180828,0.804993,False
0.182151,0.184274,0.791488,False
0.161156,0.16501,0.756657,False
0.16186,0.171115,0.733774,True
0.161848,0.1667,0.753134,False
0.192201,0.200362,0.778097,False
0.133696,0.16203,0.601101,False
0.141244,0.161418,0.650139,False
0.160558,0.167185,0.743234,False
0.169866,0.17338,0.770362,True
0.17092,0.190883,0.705249,True
0.190055,0.194963,0.788638,False
0.167082,0.164978,0.792724,False
0.179323,0.189476,0.754832,False
0.176612,0.173703,0.807773,False
0.177056,0.17402,0.808853,False
0.150099,0.156071,0.729147,False
0.200751,0.192296,0.855196,False
0.139592,0.167518,0.616601,False
0.187134,0.191362,0.788214,False
0.164697,0.172359,0.74494,False
0.154663,0.177408,0.667179,False
0.155099,0.174432,0.681061,False
0.166516,0.160633,0.810643,False
0.145923,0.168522,0.650497,False
0.149068,0.167373,0.673757,False
0.157522,0.164446,0.737155,True
0.165556,0.184205,0.701696,False
0.153789,0.171418,0.685398,False
0.211746,0.188759,0.929472,False
0.166214,0.175046,0.74217,False
0.147183,0.165594,0.669608,False
0.171167,0.189501,0.711695,True
0.161447,0.193558,0.646562,True
0.154776,0.169303,0.699788,False
0.188176,0.1812,0.83817,False
0.163851,0.176556,0.722436,True
0.19279,0.195523,0.800367,False
0.15011,0.177253,0.642078,False
0.191684,0.190866,0.814102,False
0.172235,0.172869,0.786348,False
0.140405,0.173645,0.599531,False
0.147642,0.158287,0.703418,True
0.177728,0.189093,0.747931,False
0.163307,0.178492,0.711556,False
0.171151,0.178846,0.754009,False
0.190021,0.186432,0.824543,False
0.147078,0.169314,0.654272,False
0.189191,0.192159,0.795647,False
0.148108,0.167152,0.668896,False
0.192114,0.189731,0.82124,False
0.142993,0.16111,0.662234,True
0.149904,0.157749,0.720158,True
0.175524,0.177247,0.785476,False
0.143722,0.165528,0.648964,True
0.149287,0.16658,0.678276,True
0.152435,0.173228,0.67042,False
0.174959,0.173982,0.796973,False
0.128028,0.147912,0.62015,False
0.16244,0.166774,0.756354,True
0.153105,0.165784,0.704565,False
0.168273,0.181338,0.727773,False
0.14956,0.170999,0.662339,True
0.154143,0.174502,0.675313,False
0.203314,0.203091,0.822363,True
0.164242,0.170124,0.752055,False
0.1751,0.174629,0.79483,False
0.169616,0.197502,0.675013,False
0.172648,0.171898,0.793192,False
0.150196,0.176049,0.646956,False
0.161151,0.168072,0.74284,False
0.166586,0.173682,0.750142,False
0.182378,0.175356,0.833035,False
0.142413,0.167273,0.634374,True
0.154924,0.162677,0.729199,True
0.163795,0.161237,0.790727,False
0.164403,0.166292,0.770347,False
0.145039,0.16766,0.648567,False
0.189706,0.186718,0.821587,True
0.160317,0.17784,0.697351,True
0.193941,0.185338,0.850559,False
0.180115,0.177788,0.808912,True
0.140922,0.173236,0.60393,True
0.163812,0.179745,0.709407,False
0.155575,0.174779,0.682434,False
0.190231,0.177933,0.865106,False
0.173501,0.189452,0.724201,False
0.165488,0.177518,0.727745,False
0.193831,0.184511,0.853775,False
0.176571,0.181813,0.771512,False
0.170192,0.188367,0.710805,False
0.150084,0.165931,0.685731,False
0.14919,0.165125,0.683663,True
0.177291,0.184575,0.763871,False
0.158854,0.159607,0.767848,True
0.157987,0.180555,0.673963,False
0.167531,0.170239,0.770862,False
0.161832,0.164536,0.762946,False
0.168286,0.17156,0.769326,False
0.19758,0.193499,0.833494,False
0.16217,0.163178,0.771366,True
0.13969,0.158746,0.651294,False
0.163175,0.169984,0.74639,True
0.146389,0.159015,0.692317,False
0.154683,0.161929,0.731079,False
0.208863,0.186817,0.923703,False
0.141397,0.154055,0.682206,False
0.19159,0.190492,0.815204,False
0.165637,0.172696,0.74893,False
0.159544,0.165737,0.743609,False
0.145938,0.16414,0.667957,True
0.160769,0.168484,0.738756,False
0.175807,0.179624,0.776658,False
0.155857,0.166968,0.716047,True
0.193591,0.1912,0.822648,False
0.145773,0.180956,0.604973,True
0.14295,0.162206,0.657499,True
0.149986,0.174832,0.650256,False
0.168001,0.17805,0.739687,False
0.157247,0.171413,0.705589,False
0.185971,0.193355,0.774073,False
0.189577,0.178683,0.857815,False
0.155594,0.175172,0.681014,False
0.176484,0.169034,0.829323,False
0.149685,0.167008,0.678918,True
0.173605,0.171733,0.799529,False
0.188426,0.18904,0.80473,False
0.183008,0.180844,0.811238,False
0.161752,0.165417,0.758402,False
0.153878,0.174158,0.675121,False
0.136238,0.155011,0.644714,False
0.14803,0.180787,0.61802,False
0.159263,0.179306,0.68577,False
0.165638,0.179491,0.720582,False
0.154314,0.162602,0.725782,False
0.191098,0.191592,0.807958,False
0.160474,0.160851,0.771985,False
0.171851,0.179333,0.755858,False
0.158904,0.177529,0.690616,False
0.137936,0.165599,0.613749,True
0.138721,0.166119,0.616553,False
0.165647,0.167992,0.769961,False
0.14127,0.160458,0.654189,True
0.153892,0.160415,0.73305,True
0.16961,0.167707,0.7949,False
0.182944,0.186293,0.787168,False
0.17356,0.172881,0.793958,True
0.132573,0.168224,0.57229,True
0.158256,0.168345,0.724441,False
0.153114,0.178816,0.653261,True
0.143574,0.16302,0.658045,False
0.138734,0.158681,0.645534,False
0.16641,0.169932,0.765661,False
0.168814,0.183191,0.723364,False
0.146606,0.173681,0.635105,True
0.166118,0.164867,0.787411,False
0.143449,0.157286,0.681239,True
0.163307,0.17429,0.728711,False
0.151754,0.163124,0.707764,True
0.168242,0.174168,0.757553,False
0.175061,0.179923,0.771228,False
0.172803,0.176345,0.774069,False
0.164345,0.17424,0.734876,False
0.183296,0.179499,0.818924,False
0.166232,0.173566,0.748606,False
0.159234,0.165322,0.743607,False
0.168452,0.178171,0.741715,False
0.197876,0.18698,0.864138,False
0.168084,0.174026,0.757267,True
0.18238,0.197399,0.740025,False
0.148404,0.161342,0.694824,False
0.156684,0.172136,0.699352,False
0.172474,0.16873,0.807052,True
0.176698,0.171821,0.817119,False
0.14548,0.171473,0.636719,True
0.150167,0.165398,0.688444,True
0.164884,0.169785,0.757333,False
0.200568,0.189554,0.866599,False
0.13917,0.152018,0.676698,True
0.206269,0.193758,0.877224,False
0.156006,0.162504,0.736632,False
0.148338,0.165006,0.678994,False
0.172924,0.176152,0.775606,False
0.14658,0.171117,0.644472,True
0.166659,0.17093,0.762648,False
0.139396,0.152375,0.676592,False
0.182612,0.186996,0.782434,False
0.151787,0.170712,0.676504,False
0.161257,0.175505,0.711986,False
0.160867,0.17318,0.719291,False
0.157168,0.167498,0.721612,False
0.185733,0.180232,0.829113,False
0.201622,0.200887,0.822961,False
0.186766,0.176887,0.850633,False
0.174202,0.187888,0.733957,True
0.144782,0.163618,0.663022,False
0.155486,0.169358,0.703752,False
0.152746,0.165326,0.704344,False
0.169318,0.162922,0.816454,False
0.149931,0.151379,0.750637,False
0.143045,0.168029,0.635275,False
0.179006,0.167027,0.854388,False
0.195795,0.198672,0.802808,False
0.163425,0.179455,0.708394,True
0.196833,0.204488,0.785048,False
0.173168,0.196108,0.697923,True
0.184105,0.18653,0.792391,False
0.180693,0.18874,0.765041,False
0.186017,0.190419,0.786247,False
0.180377,0.180428,0.798529,False
0.19012,0.192524,0.798965,False
0.151608,0.169814,0.679022,False
0.156687,0.17469,0.689146,False
0.164927,0.172539,0.745499,False
0.181637,0.176027,0.825653,False
0.161139,0.170339,0.732885,False
0.198997,0.192415,0.84555,False
0.189454,0.179406,0.853675,False
0.166066,0.175618,0.738913,True
0.128587,0.153667,0.600564,True
0.174178,0.175289,0.786573,False
0.165322,0.177035,0.728794,False
0.160909,0.159364,0.781919,False
0.169425,0.184274,0.722426,False
0.188201,0.188681,0.805065,False
0.176425,0.188817,0.742122,False
0.179725,0.179136,0.800647,False
0.168798,0.178997,0.740224,False
0.156915,0.176507,0.683347,False
0.15202,0.159846,0.723945,False
0.188365,0.197605,0.769543,False
0.170312,0.175479,0.763695,True
0.162017,0.174863,0.718949,True
0.160812,0.162582,0.765843,False
0.18289,0.177215,0.827184,False
0.19316,0.195245,0.803402,False
0.151329,0.158459,0.725923,False
0.18575,0.184634,0.80944,False
0.134956,0.161351,0.611442,False
0.173652,0.17308,0.793575,False
0.15089,0.175275,0.653771,False
0.179393,0.180107,0.79449,False
0.157483,0.175803,0.689311,True
0.179135,0.182651,0.782012,False
0.171713,0.167991,0.80607,False
0.152496,0.164152,0.707859,False
0.155932,0.180493,0.662803,False
0.168774,0.178366,0.742712,False
0.171871,0.176613,0.767616,False
0.137442,0.154433,0.654926,True
0.193038,0.199098,0.787241,False
0.167103,0.168863,0.774609,False
0.155192,0.158732,0.749014,False
0.15094,0.163248,0.702247,False
0.142992,0.161505,0.660613,False
0.169578,0.181861,0.732856,False
0.161598,0.173714,0.72129,False
0.182507,0.17639,0.828885,False
0.181354,0.1909,0.759842,False
0.172249,0.179404,0.757781,False
0.159015,0.170984,0.717699,False
0.153255,0.161537,0.724011,False
0.161509,0.183728,0.681492,False
0.175573,0.175239,0.794762,False
0.193544,0.178032,0.883238,False
0.162754,0.168586,0.750088,False
0.148345,0.16839,0.665391,False
0.174153,0.174214,0.791284,True
0.160409,0.171005,0.72576,False
0.194196,0.183267,0.861559,False
0.151581,0.174474,0.660735,False
0.184639,0.192993,0.768622,False
0.152273,0.166962,0.694607,True
0.160503,0.16681,0.744581,False
0.171295,0.176755,0.763739,False
0.162371,0.177159,0.711626,False
0.160043,0.168024,0.736462,True
0.148019,0.177585,0.629103,True
0.174798,0.184593,0.750285,False
0.168208,0.180081,0.732492,False
0.180747,0.189379,0.762738,False
0.19008,0.183926,0.836098,False
0.173629,0.180313,0.761616,False
0.179748,0.180358,0.795351,False
0.164701,0.167558,0.766307,False
0.175008,0.17927,0.77374,False
0.19586,0.186482,0.85563,False
0.177572,0.169393,0.833987,False
0.174137,0.191383,0.720219,False
0.152106,0.162276,0.713635,False
0.180312,0.184906,0.778836,False
0.156339,0.179281,0.669559,False
0.186632,0.176765,0.850459,False
0.151258,0.164039,0.700798,False
0.160179,0.174686,0.70915,False
0.170687,0.173102,0.776344,False
0.180342,0.174897,0.823581,False
0.165165,0.172671,0.746301,True
0.198652,0.202322,0.802442,False
0.166617,0.173593,0.750704,False
0.176607,0.168159,0.834369,False
0.172764,0.175104,0.779333,False
0.167378,0.183002,0.716266,False
0.178948,0.177759,0.80248,False
0.151903,0.162931,0.709521,False
0.201164,0.183823,0.896865,False
0.160342,0.162048,0.765466,True
0.180399,0.197109,0.731061,False
0.177513,0.176036,0.802184,True
0.168857,0.185395,0.714995,False
0.158664,0.1626,0.752544,False
0.154445,0.15898,0.743145,False
0.158734,0.17159,0.713529,True
0.175524,0.180113,0.772984,True
0.176225,0.171464,0.816061,False
0.171992,0.1827,0.742705,False
0.147062,0.162798,0.680369,False
0.181471,0.171779,0.845107,False
0.170688,0.174976,0.768033,True
0.160817,0.172777,0.720677,False
0.20078,0.189464,0.868133,False
0.157271,0.168388,0.718405,False
0.156481,0.166811,0.720466,True
0.172601,0.170703,0.798465,False
0.160723,0.176904,0.703337,False
0.1702,0.171763,0.779561,False
0.173422,0.174614,0.785291,True
0.152365,0.160407,0.723566,False
0.173991,0.184462,0.746443,True
0.210745,0.206379,0.845268,False
0.142889,0.16473,0.647056,False
0.189654,0.176624,0.868248,False
0.15968,0.163741,0.753508,False
0.160573,0.156754,0.792789,False
0.164037,0.176189,0.724998,False
0.192821,0.182424,0.858009,False
0.174661,0.177895,0.777767,False
0.196723,0.183212,0.875614,False
0.170325,0.171629,0.780899,False
0.154855,0.166447,0.71227,True
0.15872,0.176624,0.693115,False
0.181896,0.194074,0.750206,False
0.168023,0.158701,0.830011,False
0.166436,0.181294,0.71782,True
0.164363,0.159824,0.801276,False
0.147263,0.181198,0.612385,False
0.193325,0.177182,0.886235,False
0.192385,0.193375,0.807162,False
0.177742,0.191927,0.736958,False
0.167807,0.171857,0.765211,False
0.176305,0.181012,0.773457,False
0.167433,0.176801,0.741696,False
0.196647,0.19124,0.838462,False
0.140458,0.16984,0.613272,False
0.18467,0.188193,0.788392,False
0.198268,0.189402,0.855153,False
0.144522,0.162531,0.665853,False
0.184824,0.183444,0.80964,False
0.159368,0.183261,0.671544,True
0.174601,0.169929,0.813877,False
0.160202,0.163027,0.760009,False
0.1713,0.164871,0.818821,False
0.206202,0.201224,0.844343,False
0.140371,0.157177,0.662127,True
0.163158,0.167672,0.756583,False
0.177868,0.186332,0.759759,False
0.162878,0.185988,0.68057,False
0.146714,0.156513,0.705464,False
0.145982,0.157176,0.697826,True
0.167577,0.181732,0.722369,True
0.167066,0.172182,0.759466,False
0.16562,0.176507,0.732664,False
0.205627,0.197546,0.85715,False
0.176403,0.165171,0.848233,False
0.154553,0.165874,0.712909,False
0.160393,0.164816,0.752922,False
0.161202,0.165869,0.753013,False
0.161425,0.164566,0.760332,True
0.164734,0.17976,0.714476,False
0.161243,0.1695,0.737131,True
0.172636,0.176596,0.772022,False
0.182508,0.180639,0.809391,True
0.189321,0.183244,0.835067,False
0.192654,0.192377,0.812749,False
0.126603,0.151529,0.595943,True
0.193694,0.182945,0.860339,False
0.177869,0.183144,0.772994,False
0.151372,0.156846,0.733664,False
0.178052,0.181756,0.779904,False
0.179246,0.180198,0.793269,False
0.171213,0.179006,0.753678,False
0.180918,0.191865,0.753749,False
0.154296,0.182001,0.648327,False
0.17019,0.179564,0.745636,False
0.157761,0.164316,0.739194,False
0.154359,0.184384,0.640287,False
0.163523,0.167107,0.761327,True
0.144006,0.148655,0.724537,True
0.147841,0.16374,0.681206,True
0.158584,0.166628,0.733872,False
0.178982,0.18113,0.787732,False
0.153311,0.165725,0.706057,False
0.165258,0.159479,0.808621,False
0.176443,0.177658,0.788834,False
0.1589,0.176156,0.695973,False
0.151372,0.168186,0.684199,False
0.160151,0.169995,0.728556,False
0.169882,0.192655,0.693375,False
0.151639,0.172051,0.670377,True
0.152782,0.16434,0.708786,False
0.182356,0.183229,0.797126,False
0.161666,0.182779,0.685887,False
0.160401,0.180056,0.689236,False
0.195426,0.182135,0.87367,False
0.200658,0.198596,0.8276,False
0.176363,0.176023,0.795712,False
0.193728,0.192639,0.817218,False
0.147833,0.177956,0.626743,False
0.149312,0.174887,0.6462,False
0.164031,0.163046,0.783404,True
0.160462,0.179722,0.690853,False
0.159291,0.167346,0.734952,False
0.154865,0.166356,0.712718,False
0.146579,0.159616,0.690901,False
0.1687,0.177964,0.743972,False
0.157467,0.165958,0.730108,False
0.162457,0.168421,0.749053,True
0.160364,0.161152,0.769856,False
0.173283,0.17536,0.781155,True
0.193389,0.190126,0.826234,False
0.162957,0.181334,0.698471,False
0.172056,0.175394,0.774005,True
0.173902,0.165629,0.830784,False
0.158989,0.168704,0.727242,False
0.156785,0.173036,0.6963,False
0.205312,0.200735,0.841967,False
0.149285,0.163678,0.690289,False
0.166421,0.166393,0.782012,False
0.152925,0.162502,0.717688,False
0.16464,0.16944,0.757434,False
0.17943,0.173849,0.823297,False
0.177787,0.184536,0.766719,False
0.180052,0.192049,0.748519,True
0.157461,0.169152,0.716286,False
0.172218,0.17021,0.798533,False
0.191058,0.202272,0.765097,True
0.157223,0.173765,0.695898,False
0.164907,0.187616,0.685479,False
0.161122,0.187247,0.666618,False
0.17517,0.18811,0.73824,True
0.144563,0.158776,0.681862,True
0.165983,0.166675,0.778059,False
0.176129,0.184161,0.759273,False
0.168868,0.168728,0.785689,False
0.156082,0.159032,0.753193,False
0.1709,0.190001,0.708419,False
0.139721,0.156315,0.661615,False
0.160932,0.164164,0.759191,False
0.178407,0.185944,0.76425,True
0.158264,0.173935,0.701202,False
0.169949,0.198692,0.672645,False
0.157559,0.173788,0.697742,False
0.149368,0.170018,0.665035,False
0.147033,0.164262,0.674119,False
0.172699,0.192707,0.707809,False
0.166622,0.17783,0.732845,True
0.159329,0.177543,0.692955,False
0.178489,0.191213,0.743613,False
0.168063,0.168025,0.784188,True
0.174928,0.193564,0.716189,False
0.191067,0.190891,0.810761,False
0.209669,0.194864,0.88969,False
0.177398,0.18296,0.771196,False
0.155887,0.178793,0.668854,False
0.153867,0.164757,0.713581,True
0.169985,0.167445,0.798385,False
0.160105,0.184856,0.669737,False
0.175328,0.172978,0.803734,True
0.16593,0.172988,0.749358,False
0.150491,0.164085,0.695929,False
0.139291,0.14945,0.689133,False
0.168978,0.182163,0.728348,False
0.179478,0.1849,0.774352,False
0.187834,0.178065,0.851001,False
0.188283,0.178556,0.851176,False
0.176932,0.184264,0.763208,False
0.171404,0.173391,0.779188,False
0.172366,0.194954,0.697937,False
0.148021,0.158032,0.706953,False
0.165317,0.179034,0.720633,True
0.168873,0.180283,0.735362,False
0.164787,0.165359,0.777019,False
0.173581,0.185214,0.741204,False
0.154199,0.165702,0.711513,False
0.17684,0.185775,0.756507,False
0.163278,0.166436,0.762925,False
0.18639,0.187666,0.799773,False
0.204011,0.189333,0.885801,False
0.153335,0.181768,0.643866,False
0.182164,0.193249,0.754798,True
0.162826,0.167159,0.756917,False
0.168517,0.185295,0.713548,False
0.160224,0.171235,0.723707,False
0.160956,0.165986,0.751005,True
0.160196,0.177624,0.697519,False
0.175162,0.19636,0.707182,True
0.160009,0.162931,0.75927,False
0.151498,0.165331,0.696769,False
0.174881,0.187607,0.738675,False
0.184862,0.182345,0.814727,False
0.165495,0.164752,0.784181,False
0.156285,0.15876,0.755764,False
0.169403,0.172485,0.77168,False
0.160834,0.164977,0.754858,False
0.147939,0.169659,0.658022,False
0.149506,0.156508,0.723326,True
0.166468,0.190665,0.682702,False
0.178762,0.177731,0.801562,False
0.159375,0.168993,0.728285,True
0.175681,0.172256,0.80915,False
0.145918,0.165562,0.6621,False
0.138364,0.157822,0.646702,True
0.15767,0.172247,0.70463,False
0.180623,0.173941,0.829729,False
0.196765,0.200924,0.798636,False
0.17666,0.188614,0.744167,False
0.150509,0.161024,0.709271,False
0.165489,0.17598,0.734114,False
0.184592,0.167107,0.887406,False
0.186261,0.183901,0.815444,False
0.148569,0.187227,0.599642,False
0.160726,0.173004,0.71921,False
0.150759,0.1782,0.642307,False
0.139607,0.169874,0.608138,False
0.151593,0.170645,0.67563,False
0.176976,0.185922,0.756639,False
0.157738,0.167615,0.724502,True
0.141022,0.151971,0.689093,False
0.174214,0.164698,0.837378,False
0.17533,0.180594,0.769849,True
0.178376,0.174365,0.814818,False
0.152043,0.167551,0.690791,False
0.173175,0.184924,0.740169,False
0.151555,0.161077,0.715527,False
0.15796,0.160633,0.757381,False
0.159351,0.167779,0.733414,False
0.169918,0.174706,0.76482,False
0.176784,0.186286,0.754127,False
0.159087,0.168412,0.729086,False
0.182728,0.180805,0.809866,False
0.154967,0.182672,0.649616,False
0.190007,0.193164,0.795733,False
0.167539,0.16795,0.781416,False
0.161307,0.174679,0.715638,False
0.167627,0.190978,0.687657,False
0.172948,0.186858,0.731291,False
0.182014,0.174735,0.833912,False
0.171512,0.170643,0.79237,False
0.126506,0.160781,0.561047,False
0.188022,0.191567,0.792007,True
0.158626,0.172796,0.707923,True
0.16246,0.159855,0.789218,False
0.167512,0.194531,0.674503,False
0.167419,0.16768,0.781959,False
0.137091,0.152066,0.662811,False
0.160921,0.168271,0.740593,False
0.175634,0.169757,0.820786,False
0.172179,0.177399,0.765954,False
0.177617,0.196089,0.720675,False
0.141495,0.152035,0.69191,True
0.160533,0.169332,0.733663,False
0.143375,0.153621,0.697007,False
0.145356,0.159958,0.681778,False
0.177077,0.181528,0.775511,True
0.15271,0.173335,0.671587,False
0.164116,0.170579,0.749307,True
0.174457,0.169459,0.815282,False
0.168557,0.180262,0.733694,True
0.146509,0.159144,0.692513,True
0.184462,0.184689,0.802223,False
0.153511,0.175016,0.669715,True
0.168743,0.184854,0.716475,True
0.15064,0.155498,0.735318,False
0.150834,0.161102,0.71094,False
0.182791,0.182785,0.80144,False
0.145341,0.168728,0.646253,False
0.152676,0.157118,0.74069,False
0.18057,0.177533,0.812633,False
0.164235,0.160569,0.796759,True
0.153169,0.174033,0.671537,True
0.159759,0.179384,0.688236,True
0.201006,0.19585,0.840984,False
0.140506,0.159985,0.651345,False
0.163346,0.169546,0.749328,False
0.160568,0.159265,0.78026,False
0.157212,0.170436,0.709432,True
0.155521,0.165687,0.719558,False
0.154821,0.173535,0.682978,True
0.178717,0.174359,0.8168,True
0.202709,0.18814,0.884497,False
0.199479,0.195623,0.83415,False
0.182396,0.176521,0.82764,False
0.181893,0.180042,0.808663,False
0.170351,0.164756,0.813629,False
0.180607,0.189781,0.760384,False
0.178723,0.172781,0.824299,False
0.157878,0.170047,0.714969,False
0.160385,0.162387,0.764135,False
0.175528,0.172978,0.804884,False
0.150709,0.17079,0.669882,True
0.194285,0.189965,0.83165,False
0.1999,0.192717,0.848909,False
0.151631,0.162291,0.710643,False
0.164517,0.17679,0.72525,False
0.184158,0.172308,0.858104,False
0.177467,0.170406,0.828419,False
0.135543,0.162377,0.611189,False
0.153557,0.166259,0.705268,False
0.138127,0.15024,0.677767,True
0.165427,0.177245,0.728525,False
0.137054,0.147377,0.683647,False
0.195437,0.177828,0.894897,False
0.195006,0.170696,0.929756,False
0.190515,0.196355,0.785391,False
0.170468,0.179503,0.747442,False
0.158609,0.167078,0.732048,True
0.147016,0.164719,0.672148,True
0.147437,0.156095,0.711979,True
0.183003,0.197931,0.741182,True
0.188358,0.184403,0.824597,False
0.148278,0.167084,0.670191,True
0.149561,0.167207,0.677369,True
0.160787,0.164712,0.755785,False
0.180254,0.189279,0.760537,False
0.170857,0.176356,0.762987,False
0.163915,0.179148,0.712345,True
0.169896,0.161251,0.828493,False
0.144092,0.167794,0.642404,False
0.163516,0.178065,0.714433,False
0.188475,0.197903,0.768939,False
0.179936,0.175321,0.819277,False
0.16991,0.164692,0.811268,False
0.198689,0.188914,0.859591,False
0.152332,0.169078,0.686263,False
0.185905,0.175401,0.852929,False
0.157723,0.164425,0.73847,False
0.174113,0.173013,0.796551,False
0.191469,0.194732,0.796832,False
0.177266,0.18915,0.745258,True
0.163421,0.183017,0.694589,False
0.204042,0.185242,0.90553,False
0.165366,0.180077,0.716726,False
0.149296,0.171873,0.657441,False
0.202863,0.188123,0.885397,False
0.150288,0.166963,0.682714,True
0.168294,0.177544,0.743442,False
0.144362,0.164715,0.656054,True
0.165807,0.177047,0.731484,True
0.154661,0.171306,0.690933,False
0.153864,0.167577,0.701555,False
0.185466,0.186398,0.800259,False
0.153951,0.178274,0.659944,False
0.183135,0.179442,0.818285,False
0.143022,0.16624,0.641978,False
0.171796,0.177931,0.761507,False
0.146493,0.156933,0.70217,False
0.163566,0.16719,0.761204,False
0.171153,0.176855,0.762505,False
0.174975,0.1807,0.76743,False
0.15433,0.166588,0.708516,False
0.174581,0.202652,0.682359,False
0.142103,0.152687,0.692939,False
0.159488,0.170441,0.72276,False
0.156363,0.156392,0.767706,False
0.201496,0.185031,0.892804,False
0.171336,0.179167,0.753687,False
0.156371,0.172751,0.695056,True
0.162079,0.169852,0.74052,False
0.166586,0.177009,0.736041,False
0.169916,0.174624,0.765163,False
0.166551,0.170797,0.762604,False
0.158941,0.159349,0.769637,False
0.182662,0.178269,0.82102,False
0.158545,0.165251,0.739756,False
0.151015,0.164361,0.697945,True
0.139714,0.157284,0.657497,True
0.158574,0.157597,0.775863,False
0.150886,0.174185,0.657844,False
0.156612,0.162434,0.740682,True
0.169015,0.17182,0.772405,False
0.1786,0.175432,0.81114,False
0.167298,0.174759,0.749589,False
0.171468,0.174691,0.773756,False
0.144205,0.161688,0.667366,False
0.152923,0.177403,0.657391,True
0.156254,0.168243,0.712979,True
0.16981,0.16043,0.832203,False
0.190606,0.195888,0.787727,False
0.166545,0.16657,0.781924,False
0.152562,0.164017,0.708844,False
0.157915,0.169591,0.717107,False
0.155508,0.169777,0.702145,True
0.174658,0.186813,0.740623,True
0.136797,0.146563,0.685692,True
0.189836,0.177003,0.867421,False
0.157301,0.165575,0.730794,False
0.155202,0.16356,0.726965,False
0.176893,0.190935,0.736342,False
0.125606,0.152555,0.585404,True
0.180753,0.175607,0.822591,False
0.191295,0.180071,0.860743,False
0.154121,0.167391,0.703869,True
0.160687,0.170772,0.728381,False
0.160895,0.17168,0.725741,False
0.140636,0.159155,0.65556,True
0.16458,0.177765,0.721626,False
0.167935,0.174556,0.754112,False
0.161758,0.167363,0.749617,False
0.152757,0.159469,0.730278,True
0.144297,0.162038,0.666489,True
0.171074,0.185609,0.726118,False
0.146491,0.158719,0.694254,False
0.168214,0.173942,0.758381,False
0.167911,0.176228,0.746825,True
0.166352,0.170861,0.761158,False
0.155351,0.180442,0.659773,False
0.159398,0.162685,0.756667,False
0.175578,0.19333,0.720419,False
0.160913,0.168427,0.73986,False
0.160535,0.183322,0.67769,False
0.142057,0.164511,0.642856,True
0.184215,0.177273,0.834393,False
0.149477,0.169671,0.667035,False
0.152137,0.170529,0.679278,False
0.171362,0.188303,0.717262,False
0.133977,0.165274,0.591,False
0.142879,0.163031,0.653733,False
0.181838,0.174031,0.836272,False
0.170028,0.170298,0.785256,False
0.142771,0.163157,0.652565,True
0.194923,0.189781,0.835823,False
0.195835,0.185194,0.861445,False
0.167646,0.174515,0.752636,False
0.147695,0.165392,0.67352,True
0.148799,0.163594,0.68767,False
0.174599,0.171653,0.805688,False
0.168601,0.163934,0.807037,False
0.154898,0.158707,0.747278,False
0.149352,0.177684,0.636255,False
0.163552,0.169943,0.748789,False
0.160756,0.176457,0.705302,False
0.17101,0.17917,0.751856,False
0.131277,0.147596,0.643495,True
0.19035,0.180763,0.85222,False
0.14996,0.171042,0.664513,True
0.155116,0.172986,0.686855,True
0.175658,0.169413,0.822589,False
0.166299,0.160637,0.809273,False
0.191528,0.183103,0.847763,False
0.172294,0.180032,0.755391,False
0.157268,0.170193,0.710767,True
0.168724,0.182246,0.726623,True
0.188829,0.192752,0.791324,False
0.176984,0.197177,0.713488,False
0.171813,0.172704,0.784655,False
0.148014,0.163836,0.681864,False
0.183524,0.178037,0.826928,False
0.177125,0.173429,0.812004,False
0.15225,0.163542,0.708994,False
0.17951,0.166703,0.859071,True
0.166905,0.169377,0.77109,False
0.153739,0.182231,0.644452,False
0.178266,0.175286,0.809911,False
0.164505,0.180957,0.708488,False
0.171091,0.190339,0.708161,False
0.159052,0.168025,0.730559,True
0.16803,0.173125,0.760895,True
0.163364,0.178979,0.709939,False
0.18854,0.194859,0.781281,False
0.141195,0.163944,0.639823,False
0.170503,0.178427,0.752146,False
0.18962,0.17587,0.871783,False
0.165165,0.161271,0.799061,False
0.168389,0.176012,0.750457,False
0.173078,0.177668,0.769853,False
0.176171,0.182541,0.766243,False
0.173292,0.199626,0.686247,False
0.151914,0.169862,0.680637,False
0.163769,0.167195,0.762397,True
0.177697,0.174186,0.811763,False
0.162184,0.184573,0.682025,False
0.18539,0.193875,0.769005,False
0.156483,0.156867,0.766146,False
0.180369,0.187094,0.770034,False
0.15728,0.170848,0.708115,False
0.20019,0.181402,0.903464,False
0.145661,0.157553,0.694125,True
0.163467,0.163641,0.777109,False
0.171684,0.183929,0.736065,False
0.183488,0.187727,0.784054,False
0.185964,0.182347,0.820768,False
0.151545,0.165862,0.694822,False
0.15126,0.169952,0.676429,False
0.163759,0.18334,0.695208,False
0.145908,0.177512,0.617469,True
0.183512,0.183438,0.802516,True
0.163839,0.176456,0.722784,False
0.168203,0.180983,0.728816,True
0.169077,0.177932,0.746225,False
0.163709,0.16701,0.762887,False
0.153303,0.164387,0.71175,False
0.176195,0.188025,0.744024,False
0.168239,0.167532,0.787544,False
0.148622,0.166982,0.67266,False
0.186961,0.198109,0.760496,False
0.152774,0.168454,0.691428,False
0.151572,0.150559,0.765623,False
0.186594,0.201997,0.744042,False
0.150256,0.167108,0.68193,False
0.163535,0.187999,0.676786,False
0.156759,0.172407,0.698691,False
0.156174,0.174035,0.688795,False
0.156575,0.17296,0.695391,False
0.148616,0.171324,0.655578,True
0.16629,0.169634,0.766297,False
0.161263,0.182649,0.684169,False
0.165301,0.18069,0.713939,True
0.18524,0.175194,0.850143,False
0.186191,0.187595,0.799012,False
0.15507,0.168955,0.702969,False
0.164431,0.174612,0.733804,False
0.182621,0.184365,0.793648,False
0.16595,0.180764,0.717238,False
0.161518,0.161626,0.774737,True
0.176216,0.186031,0.752111,False
0.170892,0.172794,0.77892,False
0.149793,0.164044,0.691848,False
0.152655,0.163099,0.713402,False
0.17239,0.188902,0.720425,False
0.180252,0.180795,0.796216,False
0.140448,0.171494,0.607299,True
0.182881,0.179281,0.817608,False
0.160574,0.164742,0.754354,False
0.140093,0.151718,0.684118,False
0.173345,0.172392,0.794964,False
0.172618,0.170838,0.797938,False
0.168058,0.16875,0.780793,False
0.174709,0.171209,0.80842,False
0.174215,0.174185,0.791777,False
0.156119,0.160952,0.744438,False
0.17414,0.189858,0.726017,False
0.174191,0.174637,0.789588,False
0.139341,0.156249,0.659465,True
0.146957,0.156345,0.707777,False
0.122167,0.153481,0.559462,False
0.160255,0.179449,0.690749,True
0.150684,0.167775,0.681772,False
0.172259,0.172168,0.789689,False
0.141388,0.171503,0.612744,True
0.172005,0.181437,0.747947,False
0.13921,0.158621,0.64878,True
0.177473,0.192969,0.731587,False
0.142262,0.167534,0.63248,True
0.169684,0.167897,0.794442,False
0.143735,0.157965,0.68012,True
0.170964,0.171348,0.78591,False
0.162035,0.164408,0.764777,False
0.157714,0.173997,0.697792,False
0.202835,0.193925,0.858757,False
0.14651,0.16556,0.665682,False
0.176537,0.184352,0.7607,True
0.158131,0.171032,0.71233,False
0.180684,0.176243,0.819232,False
0.168202,0.190606,0.692012,True
0.165849,0.180217,0.718849,False
0.165112,0.166567,0.773336,True
0.147038,0.160111,0.691635,False
0.156781,0.161491,0.746058,False
0.170375,0.176322,0.760395,True
0.152512,0.165945,0.700305,True
0.155713,0.177014,0.674599,False
0.140741,0.17053,0.612446,True
0.162408,0.167154,0.754442,False
0.155311,0.168277,0.707237,False
0.181893,0.179435,0.811398,False
0.169692,0.170273,0.783397,False
0.152359,0.178097,0.651662,False
0.186531,0.194185,0.773653,False
0.176014,0.18154,0.769604,False
0.15474,0.165205,0.716926,True
0.191581,0.180552,0.860032,False
0.164625,0.172539,0.743748,False
0.157703,0.192677,0.630085,True
0.171937,0.173864,0.780132,True
0.184711,0.177002,0.838469,False
0.135306,0.152805,0.647922,False
0.143609,0.155254,0.691185,False
0.162874,0.171126,0.739656,False
0.151362,0.16887,0.681365,False
0.19298,0.177469,0.882861,True
0.184476,0.186215,0.795722,False
0.180082,0.172492,0.83356,False
0.187067,0.18165,0.829987,False
0.145946,0.168563,0.650476,False
0.162504,0.164494,0.767225,False
0.18258,0.182607,0.801062,False
0.178214,0.176488,0.804103,False
0.149415,0.170942,0.661715,False
0.198142,0.20142,0.803507,False
0.20289,0.19393,0.859021,False
0.159744,0.179538,0.687565,False
0.143609,0.160857,0.66711,False
0.16139,0.16206,0.771872,True
0.134466,0.164529,0.596649,False
0.134482,0.162186,0.605368,False
0.159359,0.178236,0.690423,False
0.176805,0.188568,0.745118,False
0.150106,0.167241,0.680493,False
0.130396,0.16022,0.58729,False
0.16186,0.173479,0.723777,True
0.164237,0.167949,0.761762,False
0.185985,0.184217,0.812544,False
0.171866,0.177355,0.764379,False
0.172569,0.176293,0.772972,False
0.184883,0.180858,0.821542,False
0.167167,0.166748,0.784823,False
0.137727,0.159537,0.635757,True
0.136109,0.154169,0.6474,True
0.183156,0.172191,0.852864,False
0.187598,0.18885,0.801157,False
0.140233,0.162752,0.638596,False
0.145527,0.154906,0.70512,True
0.197323,0.19672,0.818538,False
0.176788,0.182015,0.771845,False
0.179057,0.181294,0.787432,True
0.171937,0.174963,0.775237,False
0.14202,0.170512,0.620019,False
0.153921,0.173648,0.677354,True
0.180845,0.182247,0.793131,True
0.187298,0.185299,0.814888,False
0.18329,0.181039,0.811923,False
0.17345,0.177906,0.770911,False
0.129561,0.144521,0.645315,True
0.175154,0.192485,0.721374,False
0.150969,0.172425,0.665037,True
0.159762,0.177179,0.696818,False
0.147666,0.17128,0.650199,False
0.168696,0.180302,0.734299,False
0.173055,0.185516,0.737161,False
0.171791,0.175984,0.769906,False
0.17226,0.181679,0.748349,False
0.134223,0.160147,0.611453,False
0.148355,0.166406,0.673385,False
0.165424,0.173538,0.744065,False
0.161469,0.17044,0.734389,True
0.155983,0.166781,0.717601,False
0.155401,0.173848,0.685086,False
0.136032,0.159509,0.625242,True
0.143729,0.169532,0.63368,True
0.172914,0.186541,0.732356,False
0.18419,0.177217,0.834512,False
0.16321,0.172894,0.734032,False
0.156132,0.171684,0.697979,True
0.181036,0.170163,0.850575,False
0.152733,0.157464,0.739427,False
0.186335,0.183952,0.815616,False
0.132836,0.161145,0.599066,True
0.18047,0.177723,0.811208,False
0.162801,0.172933,0.731506,True
0.141101,0.162769,0.64386,False
0.180991,0.17912,0.807786,False
0.193291,0.200269,0.7839,False
0.165836,0.168032,0.770899,False
0.181061,0.175988,0.822563,False
0.163441,0.165012,0.7705,False
0.175479,0.180318,0.771851,False
0.146877,0.161402,0.685102,False
0.184579,0.177469,0.835521,False
0.161148,0.18503,0.674748,False
0.200052,0.184831,0.885957,False
0.175226,0.182617,0.76075,False
0.143961,0.166697,0.645849,True
0.156702,0.168277,0.715498,True
0.184973,0.182366,0.815249,False
0.163654,0.171851,0.74107,True
0.178259,0.177402,0.800211,False
0.166695,0.172861,0.754334,False
0.159972,0.168306,0.734806,False
0.181181,0.178328,0.81244,False
0.166163,0.191962,0.676504,False
0.172698,0.182023,0.749347,False
0.17852,0.178739,0.795682,False
0.158603,0.185651,0.658778,False
0.131768,0.157069,0.607806,False
0.167553,0.170864,0.768174,False
0.15655,0.17874,0.672767,True
0.138715,0.16353,0.626279,True
0.168462,0.181847,0.726777,False
0.193294,0.18976,0.82733,False
0.165247,0.176345,0.731222,False
0.15873,0.16527,0.740788,True
0.157837,0.169143,0.718547,False
0.192419,0.185808,0.840219,False
0.176114,0.175813,0.795243,False
0.145837,0.169735,0.645341,True
0.198815,0.189199,0.858963,False
0.15098,0.167626,0.684143,True
0.17979,0.190743,0.75227,False
0.1871,0.186158,0.810062,False
0.157452,0.174389,0.69472,False
0.150123,0.174914,0.650736,False
0.171238,0.168722,0.799764,False
0.167932,0.162946,0.807828,False
0.157547,0.169546,0.715127,False
0.172997,0.17239,0.792954,False
0.184996,0.184524,0.805832,False
0.172933,0.190972,0.715463,False
0.174261,0.170073,0.811186,False
0.19357,0.206355,0.762134,False
0.135775,0.153695,0.647225,True
0.172595,0.173152,0.787143,True
0.157686,0.167538,0.724532,False
0.149058,0.160578,0.702203,False
0.151249,0.166232,0.691494,False
0.160016,0.161598,0.76558,False
0.15649,0.190301,0.631578,False
0.153964,0.172327,0.682792,False
0.168243,0.185315,0.711994,False
0.140813,0.164842,0.634018,True
0.147214,0.170626,0.650042,False
0.150679,0.175492,0.651763,True
0.171821,0.157656,0.859596,False
0.153438,0.160856,0.728217,False
0.190186,0.196346,0.78375,False
0.181648,0.174789,0.831561,False
0.159134,0.175837,0.69857,True
0.166273,0.172288,0.754393,False
0.146382,0.161992,0.67955,False
0.159411,0.17627,0.69842,False
0.147024,0.157464,0.70317,False
0.215237,0.200148,0.894023,False
0.143481,0.158448,0.676443,False
0.149879,0.169432,0.670349,False
0.148252,0.155241,0.721149,False
0.176626,0.173638,0.808154,False
0.141924,0.154622,0.683112,True
0.135608,0.16553,0.599936,True
0.134928,0.165808,0.594831,True
0.123987,0.162738,0.538819,False
0.161551,0.169635,0.738358,False
0.170413,0.17895,0.749447,False
0.143091,0.162005,0.659182,False
0.175955,0.186649,0.748224,False
0.161471,0.173762,0.720359,True
0.169793,0.165423,0.806976,False
0.163183,0.165019,0.768897,False
0.149233,0.168081,0.671894,True
0.167249,0.172857,0.757555,False
0.173865,0.161324,0.852723,False
0.198432,0.195454,0.829512,False
0.178561,0.186344,0.763431,False
0.151381,0.162999,0.706024,True
0.15048,0.166546,0.685573,False
0.156304,0.161274,0.744103,False
0.179358,0.184249,0.776441,True
0.166837,0.16955,0.769903,False
0.192378,0.177998,0.876853,False
0.138105,0.163111,0.624143,True
0.188298,0.188648,0.805725,False
0.152795,0.171938,0.677541,True
0.16808,0.177184,0.743749,False
0.18553,0.189593,0.787111,False
0.159254,0.170863,0.719606,False
0.148036,0.160123,0.697813,True
0.174034,0.183112,0.752185,True
0.165473,0.180934,0.71392,True
0.15931,0.183404,0.670707,False
0.171011,0.180618,0.745835,False
0.151388,0.153782,0.748387,False
0.177268,0.188173,0.749141,False
0.157319,0.169147,0.715467,False
0.163657,0.179122,0.711008,False
0.164665,0.190471,0.673933,False
0.151587,0.165774,0.695449,True
0.172193,0.185603,0.732173,False
0.143809,0.161915,0.663986,False
0.150702,0.174291,0.656384,False
0.191582,0.182225,0.852145,False
0.186032,0.175088,0.855184,False
0.175125,0.180434,0.769391,False
0.176409,0.183042,0.765448,True
0.142991,0.170533,0.625631,False
0.177564,0.181456,0.778503,False
0.149392,0.162493,0.695977,False
0.175096,0.178717,0.776626,False
0.142178,0.154356,0.685933,False
0.143991,0.164702,0.653853,True
0.180012,0.181979,0.789717,False
0.167937,0.188167,0.699576,False
0.147228,0.157472,0.70443,False
0.153745,0.166118,0.706997,False
0.164289,0.16758,0.76375,False
0.167518,0.173558,0.756048,False
0.1765,0.196976,0.711761,False
0.132748,0.15329,0.629187,True
0.175798,0.168807,0.826373,False
0.157493,0.163602,0.740775,False
0.168393,0.172048,0.767766,False
0.176957,0.179849,0.782084,False
0.159244,0.17446,0.704713,False
0.19302,0.192868,0.812577,False
0.151842,0.185799,0.621867,True
0.161411,0.165214,0.75727,True
0.173092,0.178647,0.765711,False
0.144988,0.164468,0.660845,True
0.167623,0.16813,0.781081,False
0.16108,0.188533,0.661847,False
0.160359,0.161085,0.770145,False
0.167386,0.197483,0.663784,False
0.180614,0.170986,0.844011,False
0.156774,0.173966,0.692511,False
0.171275,0.167616,0.805258,False
0.165377,0.17181,0.751279,False
0.158089,0.16695,0.729495,False
0.174178,0.187267,0.736265,False
0.152963,0.170041,0.686089,False
0.18401,0.190185,0.776663,False
0.177073,0.190845,0.73763,True
0.160883,0.16301,0.764271,False
0.151583,0.161572,0.713507,True
0.160218,0.160995,0.769705,False
0.163268,0.181803,0.698379,False
0.166226,0.163353,0.795373,False
0.140354,0.16752,0.621144,False
0.166692,0.178326,0.731204,False
0.165674,0.174407,0.741789,False
0.169554,0.179654,0.741728,False
0.16566,0.170276,0.759707,False
0.178156,0.184648,0.768251,True
0.148237,0.149778,0.747356,False
0.151269,0.182347,0.630495,True
0.135536,0.154957,0.640408,True
0.154032,0.160163,0.735074,False
0.162481,0.166835,0.756319,False
0.168915,0.172044,0.770824,False
0.168697,0.172746,0.766425,True
0.171036,0.187824,0.717352,False
0.179567,0.18677,0.767072,False
0.152246,0.157996,0.73385,False
0.154315,0.174498,0.676309,False
0.134749,0.171346,0.574561,True
0.171063,0.17075,0.789242,False
0.16733,0.175921,0.74482,False
0.161295,0.167129,0.747895,True
0.169282,0.168712,0.788218,False
0.180326,0.187652,0.767514,False
0.158701,0.168669,0.72569,False
0.14658,0.164637,0.669837,False
0.159291,0.168251,0.730999,False
0.148847,0.174659,0.644381,False
0.154598,0.173395,0.682244,False
0.157652,0.168125,0.721792,True
0.176053,0.181135,0.771542,False
0.172887,0.174591,0.782325,False
0.163439,0.166298,0.764527,False
0.169559,0.186359,0.715063,False
0.15735,0.181071,0.668523,True
0.181956,0.183521,0.793673,False
0.164328,0.164424,0.778646,False
0.187616,0.182079,0.831043,False
0.153879,0.162861,0.721958,False
0.154369,0.16701,0.706959,False
0.192243,0.178252,0.87485,False
0.149533,0.160717,0.704549,False
0.135329,0.159469,0.620995,True
0.154529,0.179276,0.65948,False
0.179563,0.18403,0.778473,True
0.145422,0.158786,0.687227,False
0.142728,0.158498,0.671477,False
0.160482,0.165392,0.750835,False
0.158843,0.162607,0.753613,False
0.161893,0.163061,0.770222,False
0.180628,0.181193,0.796539,False
0.152476,0.164976,0.704198,False
0.161727,0.16007,0.783574,False
0.191326,0.184546,0.840044,False
0.187631,0.187181,0.808478,False
0.149461,0.170526,0.663599,False
0.143572,0.150052,0.714899,True
0.189555,0.181332,0.845165,False
0.173043,0.17277,0.79147,False
0.168091,0.183938,0.716494,False
0.186036,0.178208,0.840233,False
0.17924,0.177032,0.807429,False
0.173742,0.17606,0.780656,False
0.185375,0.182309,0.817706,False
0.162458,0.171753,0.734531,True
0.182713,0.181084,0.808534,False
0.184549,0.191981,0.772202,False
0.173604,0.177055,0.775488,False
0.189895,0.172871,0.888498,False
0.169102,0.170327,0.779686,False
0.157267,0.184809,0.65455,False
0.158423,0.168616,0.724266,False
0.151175,0.173342,0.662708,True
0.174539,0.171559,0.805783,False
0.178669,0.180871,0.787131,False
0.194841,0.202948,0.781192,False
0.177248,0.177233,0.79527,False
0.16229,0.161518,0.780035,False
0.167941,0.185651,0.709074,False
0.183016,0.193344,0.758835,False
0.151096,0.163604,0.701668,False
0.15374,0.156994,0.748051,False
0.192564,0.191709,0.815108,False
0.16089,0.175787,0.708754,False
0.162404,0.167902,0.751054,False
0.175635,0.190726,0.730552,False
0.155386,0.174706,0.681635,False
0.160479,0.17472,0.710729,False
0.169734,0.186363,0.715992,False
0.177064,0.165687,0.849577,False
0.157808,0.156623,0.775799,False
0.163538,0.173067,0.735198,False
0.157785,0.172128,0.705779,False
0.159143,0.158523,0.774924,False
0.172568,0.176905,0.770287,True
0.140448,0.162629,0.640403,False
0.170443,0.175985,0.76224,False
0.157337,0.188486,0.642151,True
0.176865,0.180877,0.77713,False
0.177164,0.185125,0.760912,False
0.16441,0.162133,0.790155,False
0.177902,0.172441,0.82116,False
0.197773,0.205871,0.784338,False
0.164408,0.17146,0.747159,False
0.164093,0.16586,0.770491,False
0.171195,0.178192,0.757018,False
0.162957,0.178569,0.709292,False
0.183454,0.190454,0.772647,False
0.157455,0.173562,0.698051,True
0.157043,0.160144,0.753963,False
0.1496,0.160821,0.704509,False
0.145289,0.169968,0.641233,True
0.149678,0.169652,0.668297,True
0.161425,0.171139,0.731134,False
0.163588,0.168659,0.754709,True
0.183624,0.183635,0.802264,False
0.175696,0.186692,0.746665,True
0.159054,0.17982,0.682651,True
0.137745,0.168517,0.601986,True
0.175843,0.167311,0.834035,True
0.158254,0.162092,0.752374,True
0.156534,0.16765,0.717172,False
0.157607,0.167806,0.722902,True
0.192969,0.192376,0.814388,False
0.172957,0.182786,0.747631,False
0.184161,0.177278,0.834062,False
0.167986,0.175797,0.74908,False
0.138169,0.159118,0.640209,True
0.18112,0.196085,0.738559,False
0.154633,0.172207,0.687159,True
0.163452,0.160972,0.789898,False
0.159687,0.179988,0.68553,False
0.174052,0.191094,0.720858,False
0.196418,0.190402,0.840947,False
0.136687,0.154596,0.649351,True
0.156713,0.158777,0.758374,False
0.174229,0.162978,0.846305,False
0.161047,0.169352,0.736615,False
0.146182,0.162797,0.674962,True
0.157186,0.180037,0.671449,True
0.15403,0.160901,0.731689,False
0.158135,0.169402,0.719202,False
0.138124,0.163317,0.623474,False
0.186361,0.175753,0.853818,False
0.141674,0.162683,0.647726,True
0.159486,0.169753,0.72568,True
0.144919,0.180052,0.603264,False
0.184108,0.188485,0.784187,False
0.152576,0.169875,0.684481,False
0.186628,0.195262,0.76988,False
0.154459,0.172757,0.683958,True
0.178633,0.173665,0.819581,False
0.180501,0.178663,0.807111,False
0.161082,0.173833,0.717829,False
0.1391,0.171539,0.59928,True
0.155177,0.172753,0.688133,True
0.15085,0.166506,0.687959,False
0.176687,0.18839,0.745193,False
0.155121,0.163303,0.727607,False
0.140479,0.162768,0.640048,False
0.169629,0.176496,0.755422,False
0.151632,0.158727,0.726605,False
0.186661,0.190178,0.79063,False
0.176828,0.182758,0.768931,False
0.188362,0.185413,0.820125,True
0.203732,0.188165,0.889812,False
0.168874,0.18155,0.730237,False
0.182185,0.171352,0.851371,False
0.183219,0.187987,0.781541,False
0.172299,0.169842,0.800741,True
0.207623,0.199459,0.858937,False
0.17478,0.18201,0.760835,False
0.152567,0.175,0.664382,False
0.171564,0.178819,0.75643,False
0.149993,0.165899,0.685317,False
0.157451,0.170607,0.710114,False
0.169446,0.186604,0.713524,False
0.150988,0.171779,0.667645,False
0.157351,0.165067,0.733346,False
0.168047,0.167984,0.784285,False
0.16246,0.180623,0.698468,False
0.154755,0.165035,0.717754,False
0.149386,0.169022,0.669063,False
0.151999,0.181216,0.638459,True
0.168373,0.167047,0.790633,False
0.152865,0.183248,0.636108,False
0.155168,0.171268,0.694051,False
0.16488,0.165829,0.775377,False
0.169236,0.18052,0.736405,False
0.151314,0.164505,0.699152,False
0.207244,0.189373,0.902682,False
0.158537,0.168268,0.726444,False
0.16737,0.159595,0.821266,False
0.155723,0.169151,0.706015,True
0.167778,0.170866,0.769481,True
0.173978,0.18253,0.754275,False
0.179668,0.185721,0.771957,False
0.158481,0.179554,0.680466,False
0.200362,0.198054,0.828369,False
0.13897,0.170075,0.603678,True
0.157453,0.17257,0.702052,False
0.171158,0.185534,0.726862,False
0.147811,0.157731,0.706969,True
0.154833,0.155336,0.763071,False
0.186423,0.196139,0.765392,False
0.155667,0.165609,0.720777,False
0.171222,0.175122,0.770445,False
0.169381,0.181867,0.731749,False
0.151033,0.162154,0.707555,False
0.166555,0.167944,0.775589,True
0.186815,0.184876,0.814141,False
0.163177,0.168082,0.754856,False
0.19363,0.181455,0.867049,False
0.191638,0.181322,0.856696,False
0.177747,0.183227,0.771979,False
0.169991,0.179764,0.743703,False
0.193238,0.194484,0.806948,False
0.17043,0.194592,0.689288,False
0.165242,0.172017,0.749587,False
0.174962,0.185968,0.745622,False
0.155112,0.172464,0.688908,False
0.183939,0.191541,0.770794,False
0.189995,0.190549,0.80659,False
0.160003,0.171616,0.720814,False
0.166186,0.166968,0.777907,False
0.166241,0.170132,0.763765,False
0.150802,0.163716,0.699396,False
0.159798,0.173833,0.71044,True
0.146185,0.163612,0.671618,False
0.177013,0.166478,0.845233,False
0.164289,0.166223,0.769984,True
0.158677,0.181815,0.673085,False
0.190968,0.178354,0.8672,False
0.175811,0.174263,0.80058,False
0.14653,0.169639,0.649794,False
0.136162,0.152914,0.653059,True
0.158642,0.163349,0.748964,False
0.157295,0.168257,0.719109,False
0.164586,0.168576,0.760997,False
0.16182,0.170214,0.737426,False
0.146964,0.165418,0.668996,True
0.197599,0.188079,0.857614,False
0.15904,0.17318,0.708742,True
0.164714,0.182218,0.704731,False
0.156452,0.168412,0.713439,False
0.154233,0.167342,0.704739,False
0.159629,0.185744,0.663969,False
0.179755,0.171722,0.835391,False
0.164463,0.172483,0.743048,False
0.17068,0.159758,0.841147,False
0.144627,0.161314,0.671532,False
0.165913,0.178381,0.726606,False
0.157101,0.170234,0.70962,False
0.175091,0.171702,0.808326,False
0.159516,0.169538,0.726775,False
0.147995,0.158634,0.704104,False
0.166018,0.170397,0.76127,False
0.156444,0.165213,0.727207,False
0.152724,0.168648,0.690335,True
0.182981,0.181445,0.808405,False
0.167042,0.183612,0.712054,False
0.176947,0.183701,0.765629,False
0.175421,0.178756,0.778274,False
0.161572,0.167699,0.747007,True
0.15496,0.179484,0.661116,True
0.163841,0.170685,0.747232,False
0.173544,0.189601,0.723857,False
0.160107,0.171286,0.722809,False
0.156141,0.168947,0.709342,False
0.147418,0.162475,0.68391,True
0.148601,0.167218,0.671585,False
0.148233,0.170216,0.657598,False
0.163304,0.17373,0.731043,False
0.167202,0.173472,0.754601,False
0.158165,0.17155,0.710377,False
0.18581,0.178413,0.837999,False
0.161136,0.17597,0.709415,True
0.170896,0.17616,0.764059,False
0.169457,0.168436,0.790549,False
0.154695,0.174759,0.677479,False
0.174752,0.171276,0.808357,False
0.156557,0.163519,0.735432,False
0.190347,0.181186,0.850212,False
0.164315,0.167999,0.761999,False
0.137064,0.162517,0.620021,True
0.182688,0.194273,0.753517,False
0.187997,0.179726,0.844046,False
0.139121,0.151396,0.679154,False
0.164537,0.16854,0.760872,False
0.153526,0.178867,0.65538,False
0.165042,0.173144,0.743554,True
0.171314,0.183578,0.735456,False
0.156137,0.165459,0.72427,False
0.184287,0.188673,0.784358,False
0.163256,0.168197,0.754809,False
0.161947,0.169459,0.741457,False
0.153631,0.179468,0.65377,False
0.159306,0.163305,0.753228,False
0.150397,0.168165,0.678483,False
0.142494,0.166354,0.638361,False
0.191292,0.186451,0.831275,False
0.135354,0.165461,0.598655,True
0.139493,0.166685,0.619093,False
0.178767,0.175496,0.811794,False
0.151406,0.176721,0.651344,False
0.189126,0.182943,0.835376,True
0.16247,0.169227,0.745564,False
0.164643,0.162861,0.788052,True
0.160043,0.167864,0.737161,False
0.167223,0.165806,0.789615,False
0.187788,0.196634,0.770404,False
0.150776,0.179363,0.63824,False
0.202398,0.200833,0.827044,False
0.155144,0.172327,0.689642,False
0.140324,0.165788,0.627453,True
0.186802,0.193947,0.775997,False
0.147331,0.163012,0.681125,True
0.163366,0.178919,0.71019,False
0.178702,0.174709,0.815082,False
0.178122,0.192527,0.736635,False
0.131014,0.149134,0.635094,True
0.168667,0.177474,0.745841,True
0.15508,0.188865,0.628915,False
0.186301,0.186723,0.803334,False
0.170092,0.176568,0.757734,False
0.173976,0.189616,0.726074,False
0.154566,0.169879,0.696177,False
0.164006,0.182947,0.698051,True
0.156693,0.163414,0.736737,True
0.162622,0.162607,0.776858,False
0.186126,0.197543,0.758448,False
0.178645,0.180799,0.787308,False
0.165376,0.163454,0.789679,False
0.184924,0.196794,0.755227,False
0.166178,0.178362,0.728174,True
0.144829,0.156554,0.693237,False
0.185659,0.179156,0.83368,False
0.158627,0.168856,0.724445,False
0.172053,0.171181,0.793038,False
0.187915,0.176623,0.858412,False
0.175275,0.181409,0.766084,False
0.12331,0.157468,0.552553,False
0.178022,0.189709,0.747053,False
0.194082,0.184442,0.855454,False
0.175733,0.196373,0.710042,False
0.170189,0.168068,0.796637,False
0.174524,0.1722,0.802699,False
0.143059,0.169461,0.62999,False
0.177845,0.180658,0.783501,False
0.176376,0.187624,0.746581,False
0.179233,0.182691,0.78238,False
0.162131,0.171425,0.734031,False
0.153099,0.189333,0.616898,False
0.153279,0.170821,0.684801,False
0.185871,0.193861,0.771539,False
0.176295,0.17568,0.796875,False
0.18051,0.19524,0.738629,True
0.148964,0.158555,0.710569,True
0.171997,0.193701,0.700546,False
0.191589,0.19045,0.815378,False
0.175425,0.176861,0.786632,False
0.184515,0.175232,0.845824,False
0.16539,0.169727,0.760573,False
0.138637,0.16782,0.609804,True
0.171939,0.178955,0.757951,False
0.16715,0.173659,0.753488,False
0.154016,0.171244,0.687416,True
0.169936,0.184417,0.724639,False
0.188102,0.182951,0.829739,False
0.142876,0.168195,0.633642,False
0.146219,0.1689,0.650798,True
0.153773,0.174983,0.671341,False
0.16514,0.189372,0.680355,False
0.17352,0.181229,0.757161,False
0.157155,0.172777,0.699486,False
0.153908,0.163587,0.718929,False
0.156493,0.165927,0.724375,False
0.165573,0.168857,0.765574,True
0.199451,0.181348,0.899661,False
0.157636,0.168884,0.718459,True
0.184523,0.176281,0.840833,False
0.197783,0.202069,0.799148,False
0.165793,0.171252,0.756157,False
0.17021,0.171064,0.782807,True
0.153205,0.169835,0.688342,False
0.179682,0.186466,0.768945,False
0.162021,0.170274,0.738347,False
0.150492,0.165046,0.691881,False
0.160219,0.16669,0.743414,False
0.1661,0.178124,0.728708,True
0.150443,0.156515,0.729279,False
0.151338,0.15882,0.724329,False
0.142035,0.161915,0.653027,True
0.162903,0.180412,0.70174,True
0.170554,0.172259,0.779372,False
0.189684,0.203801,0.752618,False
0.149231,0.158508,0.712461,False
0.172477,0.195758,0.695636,False
0.170183,0.178853,0.748566,False
0.199643,0.184715,0.884296,False
0.179452,0.190962,0.749634,False
0.181574,0.179898,0.807535,False
0.179344,0.180433,0.792784,False
0.169973,0.182828,0.731139,False
0.158254,0.164857,0.739757,False
0.172322,0.182734,0.744371,False
0.16896,0.178079,0.744947,False
0.166748,0.176545,0.738897,False
0.179336,0.183763,0.778373,False
0.165289,0.173616,0.742958,False
0.184204,0.195185,0.757765,False
0.137448,0.169269,0.597555,False
0.166624,0.171186,0.761301,False
0.159351,0.17781,0.692036,False
0.163416,0.180315,0.704963,True
0.180283,0.174289,0.826115,False
0.142607,0.166839,0.637182,True
0.187633,0.195684,0.773353,False
0.165926,0.161652,0.801885,False
0.172112,0.181672,0.747565,False
0.155982,0.168655,0.709627,False
0.163519,0.165919,0.766757,False
0.147053,0.159893,0.692672,False
0.15894,0.177546,0.690752,True
0.177664,0.168744,0.837743,False
0.172854,0.183058,0.745958,False
0.157452,0.179906,0.673416,False
0.195809,0.193072,0.826161,False
0.161017,0.165653,0.752877,False
0.13797,0.179307,0.567018,True
0.142651,0.17476,0.608554,False
0.157219,0.177577,0.680936,False
0.195482,0.192282,0.827857,False
0.172906,0.179997,0.758931,False
0.143904,0.152386,0.706127,False
0.152701,0.175594,0.6629,True
0.165687,0.188018,0.688163,False
0.186095,0.17727,0.84501,False
0.144944,0.165768,0.6554,False
0.134851,0.172988,0.569697,False
0.15313,0.173218,0.674465,True
0.18077,0.178463,0.809521,False
0.196138,0.185973,0.859466,False
0.154588,0.17656,0.66996,False
0.159547,0.187258,0.658167,True
0.188578,0.182637,0.833774,False
0.17191,0.176722,0.767363,False
0.211653,0.19854,0.88321,False
0.185845,0.196574,0.760757,False
0.182072,0.177562,0.820967,False
0.147837,0.171749,0.649422,False
0.196295,0.199777,0.800867,False
0.154849,0.168434,0.703828,False
0.151713,0.168373,0.685464,True
0.156728,0.17679,0.681195,True
0.199725,0.201771,0.809954,False
0.17197,0.196562,0.690214,False
0.168103,0.179392,0.734721,False
0.198773,0.186552,0.870924,False
0.189781,0.175805,0.873017,False
0.166468,0.168186,0.773956,False
0.20017,0.203011,0.807199,False
0.169415,0.181754,0.732389,True
0.185118,0.178695,0.832803,False
0.179709,0.182245,0.786904,False
0.188567,0.184233,0.826494,False
0.176254,0.16648,0.840667,False
0.187043,0.170906,0.882019,False
0.169605,0.180291,0.739391,False
0.152032,0.162557,0.711946,True
0.158127,0.16461,0.740097,True
0.171337,0.175652,0.768775,False
0.175519,0.179998,0.773445,False
0.152455,0.175541,0.661699,True
0.180811,0.182684,0.791045,False
0.164644,0.164459,0.780405,False
0.175146,0.182633,0.760246,False
0.142234,0.15963,0.663625,True
0.179057,0.186285,0.766336,False
0.156709,0.179172,0.67203,False
0.180169,0.179432,0.801802,False
0.137852,0.158482,0.640782,False
0.170646,0.17129,0.784318,False
0.160479,0.177,0.701577,False
0.160133,0.15811,0.783209,False
0.17058,0.167781,0.800332,False
0.16362,0.17645,0.721562,False
0.157105,0.172266,0.701274,True
0.172979,0.172708,0.791384,False
0.184387,0.188183,0.786929,False
0.145555,0.176839,0.617821,False
0.17477,0.173934,0.796109,False
0.161183,0.175436,0.711843,False
0.158896,0.16309,0.751706,False
0.169258,0.172097,0.772578,False
0.167967,0.192914,0.682514,True
0.152015,0.16151,0.71646,False
0.194216,0.195372,0.808284,False
0.1614,0.162319,0.770703,False
0.166864,0.18555,0.703659,False
0.161048,0.17256,0.722925,True
0.178535,0.17253,0.824408,False
0.179466,0.178566,0.801751,False
0.18249,0.181046,0.807472,False
0.187627,0.181527,0.83363,False
0.184327,0.182056,0.813084,False
0.180297,0.20113,0.715941,False
0.18657,0.188401,0.797607,False
0.163464,0.173172,0.734323,True
0.178792,0.181929,0.783225,False
0.144486,0.161587,0.669517,True
0.180069,0.182923,0.785956,False
0.160953,0.179604,0.694044,False
0.181241,0.185108,0.783012,False
0.207985,0.203563,0.843403,False
0.148098,0.173283,0.645176,True
0.144875,0.169564,0.640322,True
0.138341,0.155497,0.656222,False
0.159547,0.178512,0.690417,False
0.201828,0.199673,0.828998,False
0.168153,0.168997,0.780209,True
0.151695,0.17508,0.659099,False
0.192709,0.18818,0.831167,False
0.169362,0.170308,0.781304,False
0.16756,0.169497,0.774413,False
0.158503,0.163969,0.745284,False
0.187884,0.174225,0.870045,False
0.18872,0.183764,0.829434,False
0.192688,0.186453,0.838752,False
0.184583,0.18747,0.790973,False
0.15229,0.156457,0.741355,False
0.173865,0.168345,0.817161,True
0.134186,0.162907,0.600872,False
0.182884,0.174491,0.840066,False
0.144358,0.166926,0.647342,False
0.144623,0.174368,0.621231,True
0.14808,0.168454,0.663567,False
0.128542,0.162295,0.568359,True
0.171784,0.187156,0.723913,False
0.1563,0.165998,0.722897,False
0.155584,0.167057,0.714031,False
0.159591,0.16647,0.740617,False
0.164373,0.175091,0.731466,False
0.178278,0.194492,0.729993,False
0.163351,0.182616,0.695728,False
0.152541,0.163165,0.712414,False
0.142146,0.174535,0.606445,True
0.173747,0.16668,0.824616,False
0.155061,0.165145,0.719133,False
0.155632,0.169095,0.705712,False
0.147802,0.158772,0.702274,False
0.177304,0.178544,0.789745,False
0.1438,0.164518,0.653426,False
0.16298,0.178068,0.711412,False
0.142359,0.171881,0.617047,False
0.189443,0.186616,0.820631,False
0.192555,0.181134,0.862649,False
0.159655,0.162736,0.758009,False
0.155115,0.172593,0.688414,False
0.15769,0.164019,0.740096,True
0.145376,0.17196,0.63431,True
0.142358,0.165018,0.642708,False
0.168243,0.173564,0.760198,False
0.175144,0.17958,0.773163,False
0.156052,0.170615,0.701886,False
0.138768,0.154113,0.664891,True
0.169571,0.177896,0.74915,True
0.151525,0.174809,0.65915,False
0.161471,0.161836,0.773443,False
0.15809,0.170276,0.71525,False
0.173089,0.184207,0.742581,False
0.13128,0.151423,0.627249,False
0.175252,0.17974,0.773075,False
0.170797,0.179144,0.750779,False
0.178542,0.178018,0.799033,False
0.165757,0.172493,0.750505,False
0.19047,0.178011,0.866072,False
0.162257,0.168819,0.746106,False
0.154555,0.17338,0.682054,True
0.141496,0.165898,0.634103,False
0.200643,0.198543,0.827747,False
0.147926,0.169526,0.658462,False
0.155832,0.170244,0.702125,True
0.14033,0.164193,0.633583,True
0.144191,0.171091,0.630606,True
0.155068,0.17863,0.66488,False
0.151006,0.161881,0.708581,True
0.178861,0.179138,0.795816,False
0.167009,0.168484,0.775793,False
0.177409,0.176805,0.79811,True
0.16391,0.178112,0.716456,False
0.166645,0.173498,0.751277,False
0.188433,0.179138,0.849252,False
0.139163,0.162911,0.631403,True
0.163136,0.158837,0.798531,True
0.160532,0.184459,0.673492,True
0.135924,0.161239,0.617862,True
0.1809,0.183802,0.786717,False
0.165198,0.176716,0.729408,False
0.196688,0.180113,0.890481,False
0.159602,0.175206,0.703755,False
0.155569,0.162849,0.732393,False
0.1629,0.174564,0.725235,True
0.162136,0.168108,0.748543,False
0.179673,0.177808,0.806339,False
0.14631,0.168394,0.653291,False
0.155925,0.174392,0.685954,False
0.164327,0.16668,0.768102,True
0.165951,0.173065,0.749147,False
0.133648,0.158481,0.614258,False
0.178473,0.170302,0.834831,False
0.155928,0.160113,0.747148,False
0.161891,0.166464,0.75446,True
0.164849,0.182319,0.70508,True
0.159404,0.181376,0.678726,True
0.161009,0.163871,0.761016,False
0.165901,0.163991,0.790294,False
0.145289,0.165879,0.657037,False
0.1655,0.173934,0.742811,False
0.149376,0.161757,0.699045,True
0.179348,0.18234,0.784517,True
0.203402,0.193131,0.865229,False
0.149769,0.172052,0.659505,True
0.153737,0.161421,0.727518,True
0.180239,0.190737,0.754648,False
0.152112,0.168727,0.686387,False
0.172386,0.187874,0.724346,True
0.168179,0.170246,0.774642,True
0.168881,0.164761,0.804686,False
0.154119,0.165931,0.710048,True
0.18548,0.182706,0.816499,False
0.160442,0.165526,0.749985,True
0.177658,0.194003,0.728635,False
0.165662,0.178006,0.726728,False
0.154072,0.162983,0.7226,True
0.188368,0.196464,0.774025,False
0.163034,0.175797,0.720908,False
0.18987,0.181134,0.847827,False
0.17833,0.182086,0.780019,False
0.172562,0.173423,0.785722,False
0.170557,0.173257,0.774904,False
0.158416,0.172049,0.709771,False
0.162827,0.173582,0.728919,True
0.150542,0.174276,0.655526,False
0.169741,0.182621,0.730697,False
0.187689,0.190732,0.793723,True
0.154676,0.164546,0.719406,False
0.177521,0.188903,0.747586,False
0.176793,0.184899,0.759836,False
0.17481,0.173181,0.799799,False
0.178073,0.181144,0.782656,False
0.18514,0.178495,0.833863,False
0.156794,0.155421,0.77527,False
0.17385,0.177019,0.777033,False
0.168881,0.175738,0.754425,False
0.13408,0.156085,0.626454,False
0.180134,0.18588,0.773803,False
0.176304,0.175127,0.799444,False
0.172762,0.168709,0.808863,False
0.149401,0.179651,0.62956,False
0.160984,0.178803,0.697327,True
0.161067,0.182328,0.684299,True
0.159201,0.172247,0.713515,True
0.16014,0.173728,0.712835,False
0.151481,0.173533,0.663737,True
0.147769,0.171701,0.649203,False
0.158799,0.168039,0.728995,False
0.170414,0.177543,0.755386,False
0.159315,0.17039,0.721966,False
0.182293,0.178284,0.818883,False
0.151676,0.17466,0.660575,True
0.186845,0.182186,0.826328,False
0.160382,0.171125,0.725094,False
0.15068,0.16345,0.699787,True
0.151245,0.177854,0.646287,False
0.163227,0.167352,0.758443,False
0.161991,0.160716,0.782072,True
0.205485,0.200201,0.845077,False
0.177345,0.182998,0.770743,False
0.153082,0.151248,0.772123,False
0.176443,0.191638,0.731286,False
0.155617,0.164572,0.725011,False
0.184665,0.195498,0.75891,True
0.170185,0.178825,0.748693,False
0.150138,0.157109,0.724576,False
0.165061,0.176252,0.730548,False
0.172124,0.171876,0.790244,False
0.163084,0.176767,0.717235,False
0.214374,0.21281,0.836773,False
0.169394,0.179766,0.740373,False
0.184837,0.186994,0.794342,False
0.168672,0.170339,0.777107,False
0.143184,0.172177,0.620777,False
0.189563,0.187294,0.818303,False
0.165185,0.168627,0.764318,False
0.166167,0.166988,0.777702,False
0.167791,0.173858,0.756314,False
0.169579,0.177134,0.752416,False
0.170104,0.178281,0.750526,False
0.174084,0.178471,0.772022,False
0.143256,0.170311,0.628,False
0.162993,0.173524,0.730122,True
0.165437,0.172338,0.749324,False
0.174748,0.177016,0.782123,False
0.151641,0.165076,0.698717,False
0.156306,0.167158,0.717923,True
0.127992,0.152549,0.601065,True
0.181145,0.176993,0.818362,False
0.178014,0.178878,0.792237,False
0.175947,0.178362,0.782937,False
0.175363,0.187006,0.743625,False
0.185739,0.185816,0.804234,False
0.174902,0.180393,0.768334,False
0.179535,0.176685,0.81068,False
0.162915,0.170577,0.742275,True
0.169916,0.179821,0.743051,False
0.190998,0.184849,0.836888,False
0.144413,0.156896,0.689073,False
0.163163,0.159746,0.794159,False
0.156988,0.179748,0.671427,False
0.162914,0.179673,0.704695,False
0.161941,0.183071,0.686299,False
0.177081,0.166802,0.843998,False
0.189884,0.192292,0.798702,False
0.170801,0.177253,0.758806,False
0.160679,0.174633,0.71223,False
0.150489,0.158386,0.720954,True
0.163251,0.178583,0.710879,False
0.125429,0.164415,0.542097,False
0.184387,0.183799,0.805698,True
0.168664,0.173783,0.761659,False
0.178444,0.180606,0.787042,False
0.144266,0.159757,0.675817,False
0.179693,0.180132,0.796046,True
0.177911,0.177159,0.799349,False
0.165135,0.173084,0.744351,False
0.149317,0.165689,0.682099,False
0.181325,0.200506,0.723291,False
0.146551,0.166873,0.660688,True
0.154597,0.178099,0.664222,False
0.182938,0.172024,0.85243,False
0.162978,0.169744,0.746287,False
0.15365,0.158654,0.739663,False
0.143939,0.171164,0.628863,False
0.181612,0.187155,0.776425,False
0.165561,0.170862,0.756523,False
0.162496,0.175848,0.717645,False
0.149888,0.171262,0.66324,True
0.176261,0.184553,0.758381,False
0.137972,0.162799,0.624529,False
0.169672,0.17616,0.75711,False
0.158798,0.169055,0.724605,True
0.172856,0.182743,0.747258,False
0.166892,0.164269,0.794992,False
0.156608,0.157833,0.762249,False
0.173026,0.17469,0.782678,False
0.165436,0.171942,0.751047,False
0.175163,0.174709,0.794828,False
0.174535,0.181091,0.763347,False
0.168796,0.174537,0.75913,True
0.167635,0.187612,0.700036,False
0.155191,0.169475,0.701523,False
0.193965,0.20692,0.761961,False
0.153888,0.16329,0.720114,False
0.160131,0.191357,0.64712,True
0.197572,0.188944,0.853544,False
0.167793,0.173758,0.756762,False
0.143092,0.167214,0.638658,False
0.167621,0.17194,0.763759,False
0.18405,0.193227,0.764646,False
0.178603,0.178038,0.799287,False
0.179402,0.178835,0.800194,False
0.185198,0.170132,0.875189,False
0.166738,0.183427,0.711115,True
0.171166,0.176909,0.762346,False
0.172716,0.174287,0.782711,False
0.160735,0.159831,0.778539,False
0.174473,0.175976,0.78518,True
0.157995,0.167003,0.728697,True
0.159056,0.166362,0.737883,True
0.155561,0.17395,0.685607,False
0.172506,0.175809,0.774738,True
0.154086,0.15888,0.741351,False
0.193468,0.197772,0.794694,False
0.149774,0.162668,0.697581,True
0.160083,0.161083,0.76844,False
0.149196,0.155071,0.728027,False
0.182034,0.17821,0.817764,False
0.173356,0.186758,0.733869,False
0.164439,0.170901,0.749789,False
0.185867,0.17164,0.8714,False
0.167315,0.1781,0.735627,False
0.208527,0.203331,0.847027,False
0.174328,0.186593,0.739726,True
0.159383,0.156392,0.787017,False
0.168524,0.175454,0.753611,False
0.172877,0.16903,0.808002,False
0.149018,0.15697,0.718091,True
0.137645,0.16388,0.618407,True
0.174824,0.169184,0.818777,False
0.173304,0.17215,0.795841,True
0.183581,0.189344,0.777848,False
0.156614,0.162176,0.741874,True
0.140152,0.170036,0.610765,False
0.169172,0.168373,0.789151,False
0.177325,0.183948,0.766659,True
0.160146,0.16448,0.752953,False
0.150843,0.163245,0.701664,False
0.175242,0.189351,0.733777,False
0.187715,0.180483,0.838939,False
0.176118,0.172443,0.810809,True
0.173812,0.184129,0.746826,False
0.180094,0.17264,0.832911,False
0.168557,0.176364,0.749911,False
0.183135,0.190148,0.772213,False
0.164748,0.180521,0.711537,False
0.150002,0.164349,0.691834,True
0.184062,0.182489,0.809706,False
0.17854,0.190469,0.746788,False
0.183684,0.185304,0.795363,True
0.183232,0.196374,0.748229,False
0.152974,0.172052,0.678134,False
0.155867,0.172584,0.692804,True
0.167228,0.170831,0.766416,False
0.151276,0.175174,0.656354,False
0.153547,0.170724,0.68676,False
0.167339,0.181376,0.72247,False
0.138624,0.165,0.620148,False
0.173581,0.178586,0.768713,False
0.142654,0.164367,0.647056,False
0.174315,0.174426,0.791253,False
0.15345,0.168475,0.695354,False
0.167667,0.175464,0.748682,True
0.163599,0.173066,0.735553,False
0.152916,0.171646,0.679401,False
0.187094,0.182025,0.828424,False
0.150544,0.180033,0.634574,False
0.17262,0.170066,0.801573,False
0.163989,0.175113,0.729177,False
0.1956,0.194658,0.818359,False
0.159921,0.167773,0.736834,False
0.159312,0.18367,0.669745,False
0.163125,0.172055,0.737118,False
0.14273,0.152987,0.695682,False
0.142857,0.171806,0.620217,True
0.193568,0.19425,0.809614,False
0.159778,0.15704,0.786283,False
0.139204,0.161902,0.635592,True
0.174616,0.18135,0.7627,False
0.196986,0.189342,0.848655,False
0.151609,0.174935,0.65915,True
0.147196,0.16146,0.686832,True
0.154941,0.175798,0.674874,True
0.185283,0.178332,0.835421,False
0.150125,0.176836,0.643676,False
0.146948,0.170266,0.649853,False
0.181189,0.178918,0.809806,False
0.161912,0.167063,0.751886,False
0.202226,0.194782,0.851851,False
0.180326,0.181845,0.792028,False
0.142272,0.164087,0.645831,False
0.194161,0.189884,0.831357,False
0.157298,0.173083,0.699076,True
0.176172,0.179956,0.777261,False
0.169547,0.169533,0.785963,False
0.150852,0.167584,0.683547,False
0.147183,0.173847,0.63782,False
0.14376,0.176043,0.61042,True
0.148097,0.166843,0.670073,True
0.153988,0.166885,0.705201,False
0.1903,0.183777,0.83797,False
0.160373,0.179779,0.690139,False
0.190855,0.177624,0.870121,False
0.126675,0.159376,0.567057,True
0.175492,0.169804,0.819724,False
0.194423,0.196724,0.80378,False
0.165342,0.185696,0.69491,False
0.15622,0.164383,0.729515,False
0.153523,0.165932,0.706453,False
0.173308,0.179581,0.762931,False
0.190957,0.1868,0.827927,False
0.16161,0.174404,0.718506,False
0.171854,0.168361,0.805141,False
0.142413,0.170928,0.620803,True
0.139271,0.153055,0.672773,False
0.152221,0.175904,0.659003,False
0.14302,0.165721,0.643972,False
0.166482,0.171728,0.75807,False
0.150694,0.161353,0.708966,False
0.169862,0.177272,0.753431,False
0.181579,0.201205,0.722047,False
0.177368,0.173493,0.813101,False
0.137909,0.14868,0.683407,True
0.17344,0.171207,0.801017,False
0.138976,0.166676,0.616021,False
0.194744,0.200075,0.791923,False
0.193675,0.186552,0.843601,False
0.15482,0.176023,0.673322,False
0.161592,0.173563,0.721881,False
0.191587,0.178579,0.869572,False
0.162986,0.166205,0.762228,False
0.155235,0.15921,0.74703,False
0.191963,0.1781,0.874024,False
0.203651,0.197278,0.848305,False
0.151919,0.172347,0.670847,True
0.170293,0.164378,0.815156,False
0.198075,0.196962,0.821348,False
0.201457,0.199057,0.829695,False
0.137165,0.160696,0.627673,False
0.179373,0.187727,0.762132,False
0.149315,0.167235,0.675784,False
0.157144,0.170778,0.70761,False
0.156315,0.165815,0.723787,True
0.174652,0.184449,0.750082,False
0.133525,0.16094,0.604109,True
0.177867,0.195262,0.725009,False
0.160467,0.16594,0.748264,False
0.145925,0.157663,0.695313,False
0.174329,0.176388,0.782532,False
0.163331,0.176213,0.720891,False
0.177952,0.182421,0.77651,False
0.204695,0.196437,0.85725,False
0.13769,0.169923,0.596683,False
0.12306,0.158725,0.546605,False
0.168933,0.162418,0.816613,False
0.140287,0.170077,0.611412,True
0.165698,0.179424,0.721184,False
0.150374,0.155798,0.73219,False
0.14862,0.152582,0.736128,False
0.187862,0.191349,0.792069,False
0.161627,0.16632,0.753529,False
0.161418,0.181793,0.688245,False
0.158747,0.170488,0.718216,False
0.15459,0.165339,0.715443,False
0.149725,0.176791,0.641575,False
0.16127,0.15701,0.795935,False
0.16111,0.173845,0.717939,False
0.160981,0.166019,0.751002,False
0.15322,0.177025,0.660473,False
0.144335,0.165648,0.652196,True
0.15556,0.179847,0.663119,False
0.180762,0.202175,0.714541,False
0.157106,0.17065,0.707917,True
0.147919,0.165157,0.675836,False
0.165496,0.172641,0.74835,True
0.15743,0.157913,0.76707,False
0.167411,0.196231,0.668147,False
0.170103,0.169729,0.788335,False
0.155114,0.163734,0.725652,True
0.170883,0.180656,0.744969,False
0.161723,0.162903,0.769922,False
0.158681,0.161119,0.759565,False
0.144684,0.168372,0.643715,False
0.173288,0.184983,0.740544,False
0.17532,0.179047,0.776443,False
0.163779,0.179283,0.711045,False
0.169751,0.18388,0.725753,False
0.174845,0.174269,0.795008,True
0.170419,0.179172,0.748551,False
0.141467,0.158895,0.661865,False
0.148547,0.155323,0.722671,False
0.131607,0.170036,0.560511,False
0.185634,0.182825,0.816813,False
0.170375,0.166013,0.807617,False
0.172694,0.175326,0.777946,True
0.154395,0.173129,0.682124,False
0.180054,0.179113,0.802588,False
0.165738,0.172584,0.749998,False
0.183093,0.177643,0.826336,False
0.181053,0.189044,0.765708,False
0.145686,0.170355,0.642104,False
0.165538,0.169195,0.763839,False
0.15609,0.169402,0.707134,False
0.188458,0.189456,0.803134,False
0.155135,0.172449,0.689105,False
0.161563,0.174586,0.717489,False
0.132807,0.169495,0.569378,False
0.158595,0.180934,0.675909,False
0.169529,0.177984,0.748545,False
0.154117,0.160099,0.735897,True
0.165411,0.166122,0.777208,False
0.15182,0.173338,0.666445,False
0.161642,0.171169,0.732271,False
0.164146,0.177702,0.719442,False
0.162504,0.167481,0.753543,False
0.16191,0.1861,0.674961,False
0.169792,0.168971,0.790025,False
0.158836,0.173203,0.707469,False
0.14114,0.15844,0.661701,True
0.192509,0.184683,0.845822,False
0.167458,0.187104,0.700993,True
0.164697,0.168544,0.761803,True
0.17985,0.177682,0.807904,False
0.174588,0.173012,0.799297,False
0.142855,0.155578,0.684895,True
0.165149,0.179007,0.719795,False
0.138886,0.160233,0.640231,False
0.181937,0.188091,0.774288,False
0.182119,0.175319,0.831733,False
0.179318,0.180928,0.790468,False
0.173445,0.164321,0.834616,False
0.145305,0.156213,0.697801,True
0.166773,0.182208,0.716069,False
0.160688,0.162516,0.765394,False
0.165958,0.168076,0.771424,True
0.180426,0.177676,0.811175,False
0.168083,0.170063,0.774905,False
0.135106,0.159103,0.62102,False
0.167369,0.179074,0.731926,False
0.181576,0.18023,0.806058,False
0.154197,0.17064,0.690909,False
0.153179,0.168244,0.694702,False
0.149641,0.167338,0.677319,False
0.164078,0.170522,0.74933,False
0.143895,0.169854,0.633457,False
0.164618,0.176886,0.725428,True
0.193457,0.19152,0.820578,False
0.176168,0.176283,0.793431,False
0.158956,0.163444,0.750444,False
0.181947,0.190576,0.764249,False
0.146126,0.160707,0.683394,True
0.182103,0.175933,0.828739,False
0.158577,0.173642,0.704195,False
0.162869,0.167078,0.757548,False
0.169521,0.182757,0.728951,False
0.160373,0.174072,0.712771,False
0.157633,0.17255,0.703173,False
0.156791,0.171183,0.703873,False
0.179186,0.180017,0.793738,False
0.153801,0.165016,0.712058,True
0.150649,0.170513,0.670619,True
0.172668,0.164228,0.830361,False
0.208507,0.201169,0.856032,False
0.179262,0.184299,0.775709,False
0.17207,0.178761,0.759506,False
0.162214,0.174753,0.720529,False
0.171639,0.183665,0.736882,False
0.15239,0.169896,0.683298,True
0.173179,0.172585,0.793109,False
0.141845,0.177912,0.593243,False
0.143749,0.168717,0.636862,False
0.162937,0.181694,0.696982,True
0.164202,0.177208,0.721763,True
0.15508,0.157127,0.755953,False
0.181326,0.186223,0.778773,True
0.177886,0.181249,0.781168,False
0.169892,0.172269,0.775482,False
0.156747,0.1605,0.750448,True
0.172739,0.170774,0.798945,False
0.169657,0.176065,0.757433,False
0.168,0.173997,0.756912,False
0.168338,0.165449,0.798061,True
0.191637,0.1908,0.814134,False
0.177425,0.174544,0.808534,False
0.184895,0.173677,0.855579,False
0.188162,0.177637,0.8549,False
0.168726,0.168753,0.784728,False
0.171803,0.173751,0.779868,False
0.166451,0.167566,0.776714,True
0.161076,0.165629,0.753347,True
0.157644,0.17028,0.71261,True
0.156042,0.175456,0.682458,False
0.149437,0.165234,0.684707,False
0.151981,0.173768,0.665722,True
0.169346,0.16912,0.786696,False
0.152927,0.171507,0.680011,False
0.177623,0.181944,0.776738,False
0.15136,0.166321,0.691794,True
0.159242,0.169957,0.723371,False
0.195177,0.175966,0.902882,False
0.170994,0.181532,0.741984,False
0.175288,0.182588,0.761213,False
0.143714,0.157734,0.680982,True
0.158086,0.169423,0.718828,False
0.159027,0.172877,0.709913,False
0.198992,0.200307,0.812214,True
0.178035,0.183026,0.774399,False
0.169717,0.177925,0.749852,False
0.185086,0.200102,0.74355,False
0.184184,0.18369,0.805075,False
0.20129,0.200478,0.822985,False
0.171905,0.171798,0.789326,False
0.152511,0.159511,0.728546,False
0.18243,0.185001,0.789889,False
0.171633,0.188571,0.717674,False
0.155458,0.161843,0.736256,False
0.17822,0.183849,0.771939,False
0.152602,0.155107,0.749816,False
0.160595,0.174373,0.712812,False
0.164138,0.166605,0.767309,True
0.155516,0.164716,0.723767,False
0.162329,0.166945,0.754915,False
0.173004,0.194195,0.703951,False
0.141309,0.167155,0.628211,True
0.156429,0.163174,0.736205,True
0.146894,0.164283,0.67319,False
0.164379,0.171369,0.747386,False
0.178726,0.173495,0.820922,False
0.149649,0.163764,0.692146,True
0.173567,0.178455,0.769196,False
0.152036,0.175969,0.657705,False
0.191334,0.188313,0.82328,False
0.148488,0.153468,0.731018,False
0.197261,0.183938,0.875081,False
0.170586,0.171956,0.780931,False
0.150942,0.171657,0.667855,False
0.169896,0.175821,0.759841,False
0.136895,0.152662,0.658936,False
0.182684,0.180239,0.812166,False
0.161601,0.161259,0.77702,False
0.151923,0.17448,0.662669,False
0.140644,0.169511,0.615559,False
0.180096,0.177773,0.808877,False
0.192039,0.194727,0.799783,False
0.152081,0.160632,0.720785,False
0.177755,0.180681,0.782902,True
0.16132,0.178096,0.701978,True
0.15494,0.165698,0.716003,False
0.135129,0.161551,0.611751,True
0.194359,0.187388,0.843486,False
0.157567,0.180211,0.672916,True
0.156129,0.164645,0.727799,False
0.185797,0.185361,0.806523,True
0.146668,0.162606,0.678743,True
0.140623,0.153508,0.679592,True
0.161329,0.169294,0.738532,False
0.168859,0.179478,0.738583,False
0.181043,0.179118,0.808088,False
0.162424,0.172008,0.733249,False
0.151696,0.157522,0.732571,False
0.161462,0.162085,0.772201,False
0.165413,0.166913,0.773533,False
0.153644,0.177283,0.661904,False
0.151957,0.171216,0.675505,False
0.179298,0.185635,0.770318,False
0.176343,0.182428,0.767661,False
0.149808,0.156967,0.723133,True
0.16968,0.170813,0.780853,False
0.153095,0.169126,0.690578,False
0.177729,0.171083,0.826669,False
0.146117,0.162387,0.676269,True
0.18531,0.18806,0.792353,False
0.177942,0.179644,0.788461,True
0.176027,0.18218,0.76697,False
0.147464,0.162119,0.685696,True
0.160279,0.165447,0.74936,False
0.17625,0.176414,0.793303,False
0.178852,0.186097,0.76601,False
0.165299,0.172164,0.749276,False
0.195248,0.178744,0.889248,False
0.152378,0.168676,0.688171,True
0.150963,0.171161,0.669911,True
0.174844,0.175387,0.789933,False
0.125795,0.154308,0.579975,True
0.149297,0.160542,0.703848,False
0.176434,0.18719,0.748617,False
0.147434,0.176062,0.631219,False
0.159716,0.168023,0.73452,False
0.164028,0.16503,0.773969,False
0.183543,0.173455,0.848885,False
0.189418,0.184797,0.828571,False
0.15192,0.163212,0.708405,False
0.152013,0.160028,0.723078,False
0.146592,0.157109,0.702011,True
0.170187,0.184481,0.725752,False
0.19014,0.193112,0.796637,False
0.17427,0.185461,0.74393,False
0.199652,0.179226,0.911432,False
0.183696,0.173555,0.849274,False
0.178489,0.178425,0.796908,False
0.18021,0.179593,0.801314,True
0.165416,0.177736,0.726451,False
0.156564,0.163393,0.736041,True
0.193083,0.187497,0.836191,False
0.158932,0.185683,0.66044,False
0.136023,0.164088,0.607742,True
0.153627,0.173226,0.677305,False
0.133641,0.152824,0.636946,False
0.179207,0.197807,0.722454,False
0.167192,0.163768,0.79925,False
0.150058,0.165603,0.686934,False
0.167779,0.179143,0.733936,False
0.18012,0.200864,0.716004,False
0.183614,0.177955,0.827814,True
0.161744,0.180629,0.694485,False
0.136758,0.166197,0.604455,True
0.148408,0.159458,0.703055,True
0.175604,0.187663,0.742308,False
0.17879,0.183149,0.777999,False
0.150856,0.164996,0.694296,False
0.158746,0.172561,0.709584,False
0.173052,0.180402,0.758037,False
0.182603,0.174512,0.838357,False
0.148854,0.164521,0.684132,False
0.150249,0.156901,0.72625,False
0.197613,0.188278,0.856781,False
0.157657,0.155319,0.781343,False
0.146382,0.159147,0.691701,False
0.143771,0.157121,0.684005,True
0.156227,0.168139,0.713263,True
0.171872,0.180778,0.749939,True
0.164392,0.170374,0.75183,False
0.165813,0.168291,0.769579,False
0.153818,0.164981,0.712316,False
0.150175,0.167271,0.680783,False
0.163479,0.169877,0.748653,False
0.144996,0.160071,0.67905,False
0.170686,0.181557,0.740188,True
0.149578,0.176516,0.641743,True
0.168371,0.176642,0.747678,False
0.157181,0.163497,0.739349,False
0.170313,0.167092,0.802032,False
0.147593,0.169314,0.657316,True
0.161796,0.167455,0.74943,True
0.183756,0.194493,0.758156,False
0.169309,0.183974,0.722976,False
0.168368,0.188298,0.701375,False
0.161292,0.18373,0.680301,False
0.172944,0.168033,0.8132,False
0.184671,0.192705,0.769937,False
0.171016,0.18233,0.738859,False
0.159723,0.161574,0.76388,False
0.200001,0.179478,0.912095,False
0.171317,0.170018,0.794136,False
0.161279,0.170288,0.733927,False
0.170264,0.184014,0.728007,False
0.14222,0.153037,0.692122,False
0.153432,0.1697,0.690234,False
0.143238,0.166742,0.641337,True
0.157171,0.169545,0.712918,True
0.13151,0.159447,0.597129,True
0.188628,0.186359,0.817388,True
0.142491,0.165238,0.642654,False
0.156266,0.171767,0.698425,False
0.172761,0.169096,0.807001,False
0.152056,0.180947,0.639727,False
0.169901,0.175653,0.760595,False
0.188963,0.183493,0.83198,False
0.150727,0.172792,0.662224,False
0.162281,0.176889,0.712202,True
0.182583,0.182395,0.802014,False
0.159512,0.17847,0.690375,False
0.153022,0.177335,0.658204,True
0.172064,0.1736,0.782052,True
0.179492,0.181949,0.786994,True
0.17785,0.183025,0.77339,False
0.18682,0.178287,0.844253,False
0.173171,0.189079,0.72388,False
0.150949,0.170855,0.671033,False
0.191545,0.187101,0.829736,False
0.166495,0.177204,0.734716,False
0.186189,0.191282,0.783605,False
0.143203,0.163726,0.652942,True
0.161965,0.185125,0.678814,True
0.160542,0.163739,0.758782,False
0.175476,0.172989,0.804537,False
0.172894,0.178445,0.765466,False
0.134972,0.157472,0.6266,False
0.157238,0.163305,0.740566,True
0.168154,0.179892,0.732962,False
0.152025,0.16135,0.717234,False
0.168615,0.182168,0.726336,True
0.166679,0.171987,0.758075,False
0.173425,0.169554,0.808741,False
0.165035,0.173697,0.741147,False
0.146663,0.1649,0.66927,False
0.158023,0.159988,0.760828,False
0.144425,0.171938,0.62886,True
0.14823,0.162513,0.688744,False
0.161713,0.181272,0.691851,True
0.174946,0.175067,0.791963,False
0.161985,0.175466,0.716295,False
0.196257,0.188419,0.848941,False
0.176554,0.188353,0.744635,False
0.150774,0.163603,0.699706,False
0.149628,0.180583,0.627568,False
0.17231,0.166775,0.815529,False
0.151278,0.166216,0.691737,False
0.167862,0.172443,0.76293,False
0.122157,0.157495,0.54514,False
0.165297,0.172453,0.748016,False
0.141352,0.151917,0.69151,True
0.186216,0.185368,0.808747,False
0.15035,0.169406,0.673233,True
0.155897,0.168227,0.710926,True
0.165241,0.180909,0.712739,False
0.160545,0.157551,0.788601,False
0.183433,0.182714,0.805261,False
0.163221,0.181766,0.698269,False
0.164576,0.177633,0.722143,False
0.170726,0.179674,0.748168,False
0.174523,0.190791,0.724472,False
0.16712,0.177735,0.736039,False
0.167439,0.178232,0.735778,False
0.143584,0.168848,0.635388,True
0.181101,0.195562,0.740436,True
0.175069,0.167221,0.829856,False
0.174141,0.169289,0.814233,False
0.179066,0.184801,0.772537,False
0.165275,0.186435,0.691798,False
0.163425,0.174363,0.729082,True
0.135695,0.165294,0.601322,True
0.144208,0.168632,0.6399,False
0.147647,0.162959,0.683285,False
0.160442,0.170938,0.726238,False
0.169792,0.174331,0.76574,False
0.198213,0.192161,0.842594,False
0.154615,0.161788,0.731295,False
0.174655,0.173699,0.796523,False
0.155103,0.168328,0.705785,False
0.17148,0.171262,0.789322,False
0.143915,0.163374,0.658705,False
0.200604,0.194773,0.843567,False
0.156276,0.165582,0.724574,False
0.191032,0.185512,0.834081,True
0.170018,0.187044,0.714903,False
0.169589,0.17618,0.756549,False
0.151515,0.174496,0.660272,False
0.153348,0.168586,0.694292,False
0.142844,0.162617,0.655186,True
0.163848,0.173534,0.735003,False
0.156406,0.170247,0.705485,False
0.165436,0.168045,0.76846,True
0.146686,0.16708,0.660674,False
0.150153,0.165485,0.687995,True
0.179577,0.194566,0.736393,False
0.165688,0.179902,0.719215,False
0.151239,0.179504,0.640314,False
0.193962,0.198778,0.793158,False
0.141988,0.156927,0.673484,False
0.160825,0.174281,0.714508,True
0.156165,0.167938,0.713746,False
0.165861,0.180371,0.718303,True
0.149334,0.166497,0.678896,False
0.190149,0.184353,0.834534,False
0.192157,0.190394,0.818604,True
0.128746,0.152731,0.605289,False
0.183123,0.191805,0.765481,False
0.17648,0.17928,0.781904,True
0.168158,0.173951,0.758021,False
0.181401,0.189191,0.766951,False
0.15297,0.162585,0.717594,False
0.167873,0.172013,0.764903,False
0.183176,0.185881,0.790161,False
0.169193,0.185401,0.716789,False
0.184878,0.181352,0.819278,True
0.198886,0.181004,0.898243,False
0.168409,0.171884,0.768592,False
0.169255,0.170548,0.779575,False
0.180909,0.17837,0.810721,False
0.160335,0.171878,0.721646,False
0.157068,0.166611,0.724848,False
0.162578,0.17098,0.738555,False
0.161727,0.18127,0.691937,True
0.151901,0.158771,0.728099,False
0.158077,0.164033,0.742391,False
0.168075,0.167207,0.788092,False
0.174775,0.165198,0.838238,False
0.137259,0.159456,0.633146,True
0.151345,0.1735,0.663083,True
0.192446,0.188308,0.829207,False
0.160524,0.167097,0.743427,True
0.155682,0.165497,0.721354,True
0.151362,0.168087,0.68454,True
0.178973,0.172367,0.827732,False
0.14803,0.1785,0.625939,True
0.148309,0.164084,0.68263,False
0.17191,0.173213,0.78291,False
0.160866,0.170108,0.732272,False
0.186659,0.176034,0.854148,False
0.198243,0.196719,0.823219,False
0.159167,0.171314,0.717203,False
0.167497,0.1641,0.799491,False
0.152481,0.166879,0.696201,False
0.16592,0.168357,0.769912,False
0.188866,0.200094,0.762471,False
0.173374,0.175181,0.782473,False
0.143303,0.16024,0.667769,True
0.175938,0.176723,0.790156,False
0.156967,0.160015,0.754099,False
0.154481,0.176871,0.668175,False
0.155439,0.1682,0.708322,True
0.16252,0.183075,0.689446,False
0.170806,0.171808,0.782884,True
0.142751,0.159359,0.667995,False
0.147825,0.160187,0.696218,True
0.1564,0.163708,0.733626,False
0.168717,0.183714,0.720782,True
0.192096,0.206914,0.752951,False
0.165222,0.183865,0.701174,False
0.191302,0.186679,0.830312,False
0.193505,0.191505,0.820891,False
0.166711,0.189851,0.686912,False
0.181778,0.177093,0.821476,False
0.142156,0.173996,0.608384,True
0.145659,0.157798,0.693034,True
0.163847,0.16752,0.761387,False
0.16877,0.169292,0.782494,False
0.152233,0.177832,0.651923,False
0.158318,0.16863,0.723582,False
0.169204,0.184685,0.719626,False
0.168648,0.176801,0.748571,False
0.151257,0.178887,0.642627,True
0.149226,0.168153,0.671562,False
0.162202,0.152919,0.823324,False
0.201665,0.175537,0.94205,False
0.177316,0.173623,0.812198,False
0.150861,0.160543,0.713584,False
0.17985,0.177554,0.808487,False
0.143355,0.165256,0.647816,True
0.142672,0.162836,0.653248,True
0.176747,0.177932,0.789329,True
0.146895,0.160996,0.686941,False
0.159339,0.169095,0.727633,False
0.165339,0.170081,0.758693,False
0.171133,0.162755,0.828439,False
0.15179,0.172477,0.669598,False
0.165895,0.176084,0.735983,False
0.139178,0.164265,0.626297,False
0.153684,0.178097,0.659104,False
0.157067,0.178635,0.676056,False
0.152161,0.182023,0.63652,False
0.188785,0.208424,0.731609,False
0.154315,0.162346,0.726932,False
0.180009,0.185298,0.775555,False
0.134983,0.154172,0.640083,True
0.177314,0.176838,0.797418,False
0.176797,0.187867,0.747853,False
0.135339,0.165311,0.599109,False
0.181733,0.185522,0.783915,False
0.205482,0.182848,0.925256,False
0.180369,0.176021,0.818474,False
0.182503,0.179769,0.813283,False
0.139956,0.163439,0.634217,True
0.148577,0.163004,0.688799,False
0.168422,0.17187,0.768732,False
0.174785,0.175621,0.788546,False
0.135848,0.160752,0.619266,False
0.172074,0.178181,0.761998,False
0.176669,0.177916,0.788963,False
0.184866,0.194953,0.762057,False
0.150785,0.165139,0.693267,False
0.165554,0.177779,0.727045,False
0.166637,0.180314,0.722836,False
0.166642,0.171775,0.758796,False
0.13807,0.164229,0.619684,True
0.180029,0.193382,0.74324,False
0.167277,0.178308,0.734553,False
0.179123,0.170543,0.837461,False
0.177082,0.178908,0.786896,False
0.177868,0.16987,0.833391,True
0.169875,0.166045,0.804451,False
0.147277,0.160126,0.693058,False
0.210921,0.19098,0.914342,False
0.153776,0.158267,0.742266,True
0.16598,0.17388,0.745802,False
0.202926,0.200381,0.831549,False
0.14527,0.17453,0.624362,False
0.156567,0.163149,0.73716,False
0.184103,0.190688,0.775105,False
0.173854,0.171952,0.799958,False
0.169033,0.191687,0.692443,False
0.159844,0.170255,0.725639,False
0.168699,0.178757,0.740665,False
0.180185,0.188328,0.764013,False
0.14838,0.160644,0.697694,True
0.163311,0.159035,0.798636,False
0.156895,0.169379,0.711984,True
0.158239,0.167638,0.727398,False
0.148457,0.181408,0.618258,True
0.195646,0.188303,0.846222,False
0.196961,0.179582,0.89464,False
0.160057,0.168183,0.735847,False
0.160885,0.172229,0.723366,False
0.164879,0.172949,0.743448,False
0.151557,0.172912,0.666564,False
0.204079,0.195657,0.857517,False
0.169092,0.181579,0.731318,True
0.166051,0.167088,0.776546,True
0.200852,0.202254,0.813593,False
0.150363,0.176847,0.644983,True
0.157714,0.176337,0.688531,False
0.177192,0.167667,0.840307,False
0.150496,0.16637,0.686396,False
0.133543,0.1645,0.591143,False
0.148629,0.160965,0.697844,True
0.158428,0.162035,0.753713,False
0.15719,0.162943,0.741919,False
0.178742,0.18335,0.776885,True
0.162076,0.172041,0.731085,False
0.188876,0.185133,0.824142,False
0.17008,0.174585,0.766271,False
0.170813,0.178551,0.753361,False
0.154827,0.16595,0.714233,False
0.179757,0.180938,0.792852,False
0.190058,0.186933,0.822529,False
0.187343,0.179782,0.840144,False
0.143472,0.157997,0.678314,False
0.172059,0.178335,0.761261,False
0.139547,0.166872,0.61872,True
0.194785,0.192535,0.823151,False
0.1806,0.170954,0.844091,False
0.145464,0.178896,0.610209,False
0.182468,0.177091,0.82538,False
0.178195,0.184184,0.770398,False
0.187314,0.188293,0.802017,False
0.194255,0.186914,0.845066,False
0.180255,0.173543,0.829511,False
0.168436,0.179296,0.736971,True
0.153301,0.17348,0.674435,False
0.175813,0.174631,0.798902,False
0.153584,0.166667,0.703702,True
0.146511,0.160217,0.687886,False
0.158495,0.164043,0.744894,False
0.151189,0.165894,0.69254,False
0.168401,0.185233,0.713161,False
0.163195,0.164736,0.770296,False
0.169097,0.158859,0.835941,False
0.188976,0.179418,0.850952,False
0.165781,0.173986,0.744206,False
0.13882,0.155351,0.659926,True
0.158491,0.166623,0.733339,True
0.139802,0.175526,0.589667,False
0.170552,0.180571,0.743489,False
0.17738,0.176581,0.798954,False
0.150292,0.161291,0.706749,False
0.172739,0.165229,0.825758,False
0.151686,0.163328,0.706468,False
0.166324,0.169021,0.769274,False
0.161564,0.168386,0.743908,False
0.146866,0.168688,0.655445,False
0.172997,0.176932,0.772595,False
0.161608,0.168658,0.742971,False
0.157737,0.166787,0.728099,False
0.162442,0.168671,0.74786,False
0.175874,0.179955,0.775607,False
0.150771,0.176477,0.648646,False
0.197847,0.187998,0.859298,False
0.184769,0.174936,0.848703,False
0.156677,0.156428,0.769536,False
0.168583,0.173866,0.760834,False
0.17486,0.170742,0.811519,True
0.160007,0.172168,0.718525,False
0.180389,0.187176,0.769804,False
0.180776,0.170778,0.845992,False
0.176174,0.187654,0.745386,False
0.144324,0.157384,0.686372,False
0.160145,0.171129,0.723695,False
0.162452,0.181884,0.693584,False
0.167443,0.176976,0.741021,False
0.1534,0.171002,0.684789,False
0.200729,0.188027,0.874498,False
0.145048,0.159882,0.680178,False
0.191322,0.188142,0.823967,False
0.164398,0.165748,0.772848,True
0.149101,0.171853,0.65638,False
0.159953,0.16384,0.75472,False
0.174898,0.173196,0.80024,True
0.183578,0.190428,0.773408,False
0.156808,0.163664,0.736317,False
0.134976,0.155851,0.633143,True
0.182034,0.184538,0.789724,False
0.156215,0.161313,0.743364,False
0.17121,0.186518,0.723307,False
0.165394,0.171639,0.752124,True
0.138501,0.159335,0.64142,False
0.152616,0.160685,0.723879,False
0.193519,0.183445,0.857037,False
0.17759,0.187596,0.753164,False
0.176071,0.178503,0.783014,False
0.172796,0.181539,0.75188,False
0.178305,0.175663,0.808395,False
0.181146,0.179802,0.805585,False
0.139124,0.159457,0.644837,False
0.178667,0.178616,0.797056,False
0.172832,0.179718,0.7597,False
0.171745,0.181981,0.744283,True
0.146004,0.161955,0.67737,False
0.170164,0.164909,0.811743,False
0.167932,0.169815,0.775153,False
0.158884,0.176955,0.692742,False
0.15735,0.16341,0.740772,False
0.17343,0.166378,0.824204,False
0.156916,0.172715,0.698355,False
0.168269,0.166399,0.793087,False
0.166924,0.178812,0.730507,False
0.159736,0.166941,0.7394,False
0.168425,0.168723,0.783092,True
0.162859,0.185663,0.681661,False
0.151142,0.176263,0.651537,False
0.154946,0.166393,0.713048,False
0.176503,0.175626,0.798304,False
0.169917,0.168516,0.792905,False
0.196797,0.202614,0.79213,False
0.171382,0.182766,0.739095,False
0.165834,0.177695,0.728968,False
0.145725,0.158011,0.692513,True
0.187558,0.19037,0.794547,False
0.166408,0.173584,0.749541,False
0.162069,0.168339,0.747114,True
0.157463,0.167464,0.723519,False
0.191278,0.191212,0.810508,False
0.157325,0.155665,0.777472,False
0.142024,0.160917,0.657014,True
0.14531,0.172078,0.633493,True
0.188035,0.184371,0.822991,False
0.144082,0.166617,0.646886,True
0.167353,0.187036,0.700683,False
0.179807,0.183619,0.781547,True
0.193106,0.177322,0.8843,False
0.131795,0.155714,0.613271,False
0.184613,0.180875,0.819977,False
0.138159,0.1588,0.641429,False
0.141024,0.156281,0.670101,False
0.161634,0.171601,0.730385,False
0.160237,0.167521,0.739829,False
0.182663,0.183022,0.799699,False
0.187002,0.186284,0.808991,False
0.183591,0.176785,0.833166,False
0.167696,0.182231,0.721041,True
0.176029,0.173735,0.804267,True
0.165998,0.165491,0.783711,False
0.173182,0.167865,0.815428,False
0.162311,0.172175,0.731882,True
0.159641,0.180118,0.684779,False
0.155311,0.170449,0.698221,False
0.1692,0.179648,0.739776,False
0.148481,0.162227,0.691509,False
0.161915,0.163529,0.768151,False
0.148792,0.167514,0.671541,True
0.184908,0.185379,0.801644,False
0.161929,0.163982,0.766112,False
0.165434,0.176852,0.730185,False
0.155109,0.162283,0.73211,False
0.165616,0.166963,0.774519,False
0.158862,0.177444,0.690709,False
0.156573,0.175814,0.684094,False
0.178773,0.18925,0.752827,False
0.157841,0.16324,0.744554,True
0.146393,0.161814,0.680367,True
0.168038,0.170954,0.770607,False
0.167131,0.172804,0.757109,False
0.170313,0.165348,0.810493,False
0.191007,0.198795,0.778223,False
0.189597,0.187093,0.819361,False
0.160902,0.164559,0.757184,False
0.191853,0.177661,0.875558,False
0.156995,0.15823,0.762781,False
0.165753,0.170883,0.757553,False
0.149612,0.171376,0.661189,True
0.179366,0.178714,0.80053,False
0.168128,0.171927,0.766765,False
0.156548,0.167363,0.718487,False
0.182116,0.175366,0.831497,False
0.168311,0.164855,0.800772,False
0.184081,0.177055,0.834664,False
0.191419,0.199114,0.779048,False
0.152039,0.162267,0.713263,True
0.166961,0.176265,0.741275,False
0.146971,0.164965,0.670875,False
0.161061,0.168083,0.742259,False
0.190812,0.180347,0.856747,False
0.184763,0.191695,0.774474,False
0.15214,0.166139,0.697246,False
0.147299,0.155202,0.715187,False
0.158628,0.163078,0.750122,False
0.177254,0.175959,0.801061,False
0.149629,0.174219,0.650498,False
0.164106,0.167963,0.76092,False
0.166197,0.167692,0.77462,False
0.169766,0.171776,0.77698,False
0.163134,0.173321,0.731788,True
0.172369,0.16905,0.804905,False
0.144033,0.167083,0.64479,False
0.166054,0.180018,0.720786,False
0.172753,0.185084,0.73725,False
0.146235,0.150181,0.732018,False
0.170147,0.181274,0.738368,False
0.163884,0.172838,0.73817,False
0.147545,0.168774,0.659137,False
0.198166,0.188942,0.856695,False
0.185885,0.187702,0.796929,True
0.173117,0.176912,0.773361,False
0.17032,0.168487,0.795433,False
0.155386,0.171446,0.694597,False
0.166883,0.168669,0.774195,False
0.149678,0.155424,0.729478,True
0.191395,0.180198,0.86069,False
0.165344,0.182384,0.707541,False
0.146791,0.167066,0.661359,True
0.174399,0.182033,0.758647,False
0.165252,0.168386,0.765814,False
0.167174,0.162178,0.806976,False
0.168641,0.169722,0.779754,False
0.150734,0.16129,0.709493,False
0.178498,0.18039,0.788282,False
0.170953,0.165295,0.814625,False
0.129548,0.162617,0.573417,False
0.182925,0.175665,0.834686,False
0.160249,0.166606,0.743964,False
0.172555,0.169587,0.803451,False
0.159222,0.159421,0.771056,False
0.170279,0.175364,0.764006,False
0.167384,0.18571,0.705852,False
0.180587,0.185624,0.777311,False
0.159025,0.177054,0.693153,True
0.177809,0.179664,0.787632,False
0.145993,0.164046,0.668669,False
0.152209,0.177065,0.654612,False
0.174729,0.184566,0.750023,False
0.164241,0.176318,0.725624,False
0.18257,0.176546,0.828508,False
0.148282,0.162428,0.689427,False
0.151053,0.163872,0.700258,True
0.132854,0.164326,0.587578,False
0.188155,0.188063,0.807466,False
0.176686,0.176766,0.794189,False
0.181302,0.180276,0.804332,False
0.193412,0.188881,0.831802,False
0.167978,0.17241,0.763746,True
0.172034,0.172287,0.787836,False
0.157529,0.179806,0.674219,False
0.151147,0.170744,0.672628,False
0.16262,0.162637,0.776696,True
0.179363,0.184151,0.776876,False
0.152616,0.163518,0.711332,False
0.135068,0.152957,0.645723,True
0.188766,0.18319,0.832281,False
0.153241,0.174313,0.670865,True
0.183189,0.193124,0.760595,False
0.205519,0.201704,0.838945,False
0.163276,0.178878,0.709848,True
0.164986,0.162065,0.794041,False
0.161748,0.179661,0.69825,False
0.171272,0.17397,0.775833,False
0.149559,0.161318,0.702086,False
0.154015,0.168539,0.698442,False
0.168343,0.177623,0.743389,False
0.157297,0.170419,0.709998,False
0.179559,0.169714,0.844121,False
0.176674,0.180281,0.778636,False
0.181782,0.174678,0.832861,False
0.154678,0.169264,0.699369,False
0.155056,0.157138,0.755745,False
0.17126,0.185607,0.727127,True
0.146655,0.158979,0.694147,False
0.177485,0.178869,0.789319,False
0.164361,0.180737,0.708548,False
0.163995,0.17229,0.741161,False
0.154821,0.165338,0.71684,True
0.165803,0.184953,0.700194,False
0.155266,0.167356,0.710856,False
0.149205,0.156426,0.72178,False
0.15202,0.164547,0.703263,False
0.173167,0.17097,0.800532,True
0.182985,0.188153,0.779604,False
0.154735,0.173473,0.682728,False
0.184467,0.179794,0.824096,False
0.167143,0.165835,0.788997,False
0.166105,0.166052,0.78171,False
0.174065,0.177121,0.7778,False
0.166874,0.170997,0.763606,False
0.177351,0.18631,0.757076,False
0.154467,0.168974,0.699321,False
0.154881,0.16191,0.732392,False
0.160075,0.167828,0.73751,False
0.15572,0.171247,0.697354,False
0.183481,0.189405,0.777069,False
0.151753,0.155861,0.740745,False
0.152067,0.160339,0.722012,True
0.158241,0.167608,0.727535,False
0.140879,0.156819,0.666875,False
0.179991,0.183923,0.781256,False
0.183345,0.189996,0.77394,False
0.155941,0.164562,0.727026,False
0.167657,0.184117,0.713443,False
0.174265,0.171802,0.803046,False
0.151475,0.169906,0.677875,True
0.163182,0.16197,0.783367,False
0.182853,0.177568,0.825334,True
0.169394,0.1739,0.765345,False
0.14395,0.166935,0.644863,False
0.163985,0.174066,0.733547,False
0.167984,0.183602,0.717229,False
0.17562,0.18553,0.750931,False
0.17419,0.186507,0.739328,False
0.153514,0.170962,0.685611,True
0.160393,0.173002,0.717295,False
0.178648,0.175755,0.809921,True
0.144973,0.148752,0.73056,True
0.127769,0.155164,0.589503,True
0.159463,0.165966,0.742102,False
0.150819,0.164754,0.695089,True
0.167225,0.187432,0.698519,False
0.18543,0.18204,0.819215,False
0.161598,0.170697,0.734039,True
0.192113,0.184523,0.844408,False
0.169576,0.174761,0.762623,False
0.171057,0.173736,0.775641,False
0.173384,0.171435,0.799627,False
0.169716,0.172611,0.772931,False
0.179305,0.183832,0.777909,False
0.170259,0.17493,0.765784,False
0.13664,0.167544,0.59889,True
0.153238,0.173642,0.673443,False
0.181673,0.169049,0.85995,False
0.185467,0.188066,0.793164,False
0.180165,0.180497,0.797053,False
0.200053,0.187582,0.872966,False
0.159682,0.186089,0.663029,False
0.157371,0.175555,0.689647,False
0.148127,0.169224,0.66082,True
0.170333,0.168469,0.795596,True
0.177878,0.175581,0.806341,False
0.167679,0.175721,0.747654,True
0.158831,0.17476,0.701138,False
0.181598,0.182901,0.79441,False
0.199413,0.19572,0.8334,False
0.164608,0.177528,0.722749,False
0.176237,0.181739,0.769987,False
0.152289,0.164654,0.704441,False
0.160355,0.183123,0.67744,True
0.142796,0.169892,0.626846,False
0.174004,0.187199,0.735603,True
0.143057,0.173272,0.616123,False
0.171763,0.184594,0.733843,False
0.177435,0.166804,0.846116,False
0.160386,0.184859,0.671246,False
0.155922,0.161121,0.742437,True
0.143379,0.171277,0.62518,True
0.151625,0.166136,0.69416,False
0.163582,0.162962,0.781054,False
0.170851,0.17374,0.774439,False
0.169979,0.176058,0.75929,False
0.169372,0.171285,0.776901,False
0.173973,0.17483,0.787467,True
0.152536,0.184974,0.628388,False
0.163674,0.16363,0.778431,True
0.139546,0.165491,0.623879,False
0.168391,0.167151,0.790246,False
0.161731,0.166859,0.751723,False
0.156677,0.166755,0.721876,False
0.168245,0.1825,0.722988,False
0.147593,0.161599,0.688703,False
0.174677,0.171449,0.807104,False
0.172436,0.179761,0.757319,True
0.176822,0.177766,0.790489,False
0.16815,0.161696,0.815416,False
0.157037,0.167958,0.718852,False
0.159547,0.159166,0.77433,False
0.175413,0.182047,0.764159,False
0.163304,0.179643,0.706982,False
0.1766,0.17781,0.789048,False
0.156936,0.171154,0.70484,False
0.15958,0.17781,0.693324,False
0.184073,0.175788,0.840634,False
0.166209,0.175186,0.741549,False
0.157364,0.187099,0.647056,False
0.156732,0.168943,0.712856,False
0.190883,0.180647,0.855717,False
0.175376,0.183353,0.758517,False
0.150658,0.169216,0.675808,False
0.167444,0.176895,0.741364,False
0.172989,0.179264,0.762502,False
0.166801,0.177588,0.734853,False
0.148127,0.172147,0.649598,True
0.14404,0.170706,0.63114,False
0.149299,0.169846,0.665301,True
0.175862,0.177665,0.785538,True
0.156855,0.169426,0.711552,False
0.15241,0.164714,0.704922,False
0.160201,0.168876,0.733683,True
0.155604,0.162917,0.732295,False
0.186782,0.18644,0.807133,False
0.162496,0.187271,0.673868,False
0.176965,0.178092,0.789842,False
0.172248,0.174412,0.779467,False
0.180626,0.193153,0.747213,False
0.191415,0.194607,0.797071,False
0.176139,0.187056,0.747579,False
0.155761,0.160086,0.74623,False
0.167755,0.173208,0.758941,False
0.175706,0.177023,0.7875,False
0.145175,0.151512,0.718586,False
0.194759,0.190004,0.833977,False
0.168408,0.158319,0.834438,False
0.148298,0.163645,0.684399,True
0.188719,0.174418,0.873872,False
0.138906,0.157789,0.650276,False
0.155314,0.170259,0.699015,False
0.168842,0.174959,0.757557,True
0.174692,0.181694,0.761679,True
0.188825,0.178017,0.856801,False
0.169429,0.169767,0.78419,False
0.153394,0.168904,0.69326,False
0.163699,0.162006,0.786383,False
0.158478,0.161863,0.754819,False
0.169668,0.192781,0.691812,True
0.176692,0.191793,0.731997,True
0.152158,0.158884,0.7292,True
0.177512,0.168113,0.839979,False
0.159538,0.178331,0.691061,True
0.163934,0.177329,0.719755,False
0.149481,0.161923,0.698979,False
0.144389,0.15266,0.708035,False
0.182823,0.18179,0.806002,False
0.159461,0.183012,0.672968,False
0.143557,0.152056,0.70538,True
0.20774,0.203372,0.842986,False
0.18569,0.186687,0.800215,False
0.155963,0.159888,0.748422,False
0.170357,0.170646,0.785588,True
0.163873,0.162846,0.783397,False
0.163499,0.182215,0.698073,False
0.150662,0.16123,0.709306,False
0.181213,0.176304,0.821949,False
0.198074,0.194287,0.832658,False
0.139075,0.160413,0.640689,True
0.179542,0.187274,0.76488,False
0.17856,0.186603,0.762368,False
0.164098,0.174933,0.730553,True
0.148693,0.170416,0.659523,False
0.130123,0.153032,0.613092,False
0.160552,0.175054,0.709794,False
0.204755,0.17916,0.940246,False
0.172825,0.177983,0.767065,False
0.191384,0.177895,0.871773,False
0.158316,0.184137,0.662635,True
0.140456,0.172964,0.60218,False
0.180443,0.175416,0.821721,False
0.173892,0.171946,0.800204,False
0.196305,0.187266,0.854428,False
0.169837,0.164652,0.811027,False
0.181576,0.190532,0.762474,False
0.158476,0.170187,0.717892,False
0.144554,0.152435,0.71017,False
0.18002,0.186805,0.769361,True
0.149686,0.157241,0.721099,False
0.169713,0.174618,0.764024,False
0.134843,0.15382,0.640637,False
0.156517,0.158918,0.756475,False
0.17432,0.196462,0.70253,False
0.151218,0.167391,0.686523,False
0.183139,0.18266,0.80389,False
0.153798,0.168337,0.697995,False
0.16557,0.181414,0.712569,False
0.162266,0.173146,0.727515,True
0.156716,0.160518,0.750171,False
0.183643,0.181523,0.811701,False
0.183358,0.184138,0.798633,False
0.15699,0.159554,0.75642,False
0.180275,0.180803,0.796311,False
0.157021,0.157921,0.764439,False
0.170934,0.166195,0.810101,False
0.154603,0.171994,0.687832,True
0.157264,0.168459,0.718064,False
0.151807,0.167519,0.689515,False
0.153751,0.159761,0.73517,False
0.168621,0.183062,0.722825,False
0.173081,0.183238,0.746463,False
0.164729,0.178729,0.718569,False
0.152622,0.169056,0.688066,False
0.170535,0.178711,0.751126,False
0.171355,0.165755,0.814788,False
0.187796,0.197339,0.767696,False
0.169522,0.176901,0.753084,False
0.158988,0.185866,0.660089,False
0.171487,0.165821,0.815262,False
0.166723,0.182937,0.712941,False
0.16687,0.1649,0.791817,False
0.146736,0.165168,0.668633,True
0.163519,0.166586,0.763683,True
0.170448,0.185264,0.724091,False
0.164872,0.166019,0.774443,False
0.150088,0.166118,0.684982,False
0.130841,0.154514,0.611858,False
0.142174,0.152152,0.695842,True
0.190654,0.181813,0.848973,False
0.168612,0.17033,0.7768,False
0.204588,0.182323,0.923018,False
0.140222,0.169213,0.614152,False
0.171963,0.166095,0.816781,False
0.153104,0.159793,0.730973,False
0.166462,0.183291,0.71014,True
0.152304,0.172905,0.670908,True
0.177321,0.179398,0.786079,False
0.131394,0.162762,0.584253,False
0.168194,0.165633,0.7963,False
0.167396,0.182386,0.718781,False
0.191869,0.187351,0.830361,False
0.1502,0.181943,0.626023,True
0.151887,0.158895,0.727444,False
0.149752,0.177669,0.638555,True
0.149022,0.171152,0.658611,True
0.18335,0.188426,0.78041,False
0.188345,0.18887,0.805024,False
0.185626,0.180521,0.827192,False
0.153674,0.169772,0.691362,True
0.16513,0.173849,0.741044,False
0.167144,0.16407,0.797484,False
0.14287,0.156368,0.681538,False
0.146935,0.166673,0.663783,False
0.188741,0.192702,0.791071,False
0.144575,0.156267,0.692884,True
0.180918,0.17395,0.831379,False
0.170328,0.168631,0.794803,False
0.137092,0.153125,0.658232,False
0.168094,0.16541,0.796771,False
0.154104,0.153996,0.764981,False
0.156714,0.172839,0.696683,False
0.171587,0.17411,0.777017,False
0.189212,0.182712,0.836901,False
0.163697,0.174904,0.728381,False
0.168537,0.177121,0.746589,False
0.199152,0.202975,0.802325,False
0.178797,0.18334,0.777228,False
0.134318,0.1631,0.600967,True
0.158634,0.168753,0.724932,False
0.174324,0.172727,0.799089,False
0.187168,0.182506,0.826646,False
0.141028,0.14843,0.705568,True
0.180787,0.180816,0.799083,False
0.166498,0.184474,0.705776,True
0.165506,0.169801,0.760928,False
0.197598,0.194801,0.828014,False
0.183957,0.178432,0.827526,False
0.165848,0.172649,0.750355,False
0.18869,0.176784,0.862012,False
0.138262,0.161442,0.631573,False
0.165582,0.180836,0.71491,False
0.16826,0.172714,0.764037,False
0.16426,0.17677,0.723877,False
0.188014,0.179753,0.844016,False
0.188955,0.18101,0.843352,False
0.171429,0.183109,0.737966,False
0.180303,0.183894,0.783076,True
0.155715,0.171891,0.694715,True
0.15187,0.166794,0.692893,False
0.149806,0.163173,0.695618,False
0.163932,0.171231,0.745381,False
0.155118,0.171688,0.692056,False
0.181873,0.187944,0.774556,False
0.143465,0.154834,0.692127,False
0.164606,0.186099,0.689449,False
0.173608,0.170705,0.804362,False
0.159108,0.175746,0.698781,False
0.17379,0.175628,0.782848,False
0.172929,0.172363,0.792681,False
0.152148,0.172476,0.671673,True
0.168604,0.177911,0.743656,False
0.172889,0.164069,0.832512,False
0.172782,0.188401,0.72442,False
0.164162,0.170965,0.747881,False
0.186275,0.187919,0.798085,False
0.174108,0.178894,0.770334,False
0.190165,0.184234,0.83516,False
0.151534,0.167485,0.688025,False
0.163914,0.164611,0.775247,False
0.205329,0.199157,0.848723,False
0.169829,0.180715,0.73889,False
0.152195,0.16115,0.719177,False
0.164021,0.176204,0.724849,False
0.1647,0.165654,0.775108,False
0.15866,0.169865,0.720339,False
0.171991,0.17984,0.754513,True
0.160396,0.160932,0.771108,False
0.173191,0.170147,0.804543,False
0.177845,0.18657,0.758672,True
0.171198,0.183456,0.735315,False
0.188037,0.182566,0.831131,False
0.189362,0.188027,0.814041,False
0.160808,0.167689,0.742492,False
0.183776,0.183629,0.803118,False
0.176403,0.166524,0.841338,False
0.160182,0.178926,0.692363,False
0.160054,0.164973,0.75015,False
0.169865,0.163192,0.818451,False
0.161704,0.179852,0.697264,False
0.188206,0.181044,0.839058,False
0.199016,0.202083,0.805193,False
0.179936,0.181802,0.790068,False
0.156535,0.159069,0.755868,False
0.177572,0.174935,0.80757,True
0.177909,0.196976,0.718915,False
0.171352,0.177937,0.758986,False
0.144183,0.163604,0.659416,False
0.1772,0.182841,0.770613,False
0.184522,0.192313,0.770735,False
0.147578,0.163669,0.679895,False
0.191156,0.199415,0.77655,False
0.167726,0.17013,0.772503,False
0.183655,0.18333,0.803768,False
0.16878,0.17278,0.766757,False
0.155865,0.17356,0.688897,False
0.162886,0.175992,0.71927,False
0.145355,0.173998,0.626757,False
0.166655,0.166896,0.781057,False
0.15816,0.152907,0.796954,True
0.180749,0.184577,0.782595,False
0.186009,0.172435,0.868205,False
0.159061,0.176057,0.697276,True
0.181585,0.191443,0.758899,False
0.161911,0.169925,0.739211,False
0.16016,0.167692,0.738614,True
0.147447,0.157999,0.703468,True
0.191163,0.198396,0.780575,False
0.163819,0.170988,0.74578,False
0.142201,0.155929,0.679161,False
0.173782,0.165534,0.830534,False
0.15167,0.168961,0.682823,False
0.175582,0.187085,0.744484,False
0.188729,0.180533,0.844328,False
0.183872,0.182544,0.808417,False
0.173034,0.182531,0.749096,False
0.164839,0.1707,0.753009,False
0.174258,0.174342,0.791306,False
0.170864,0.174606,0.770674,False
0.188827,0.184731,0.825673,False
0.189457,0.187589,0.81645,False
0.159068,0.169911,0.72254,False
0.164931,0.169689,0.758041,True
0.173994,0.176346,0.780819,False
0.151919,0.165645,0.697989,False
0.175912,0.203929,0.684614,False
0.151619,0.164476,0.701127,False
0.180038,0.195674,0.734579,False
0.194987,0.192914,0.822581,False
0.1575,0.178146,0.680343,True
0.184634,0.197846,0.749746,False
0.199999,0.201931,0.810666,False
0.157957,0.178834,0.680279,False
0.153507,0.162594,0.720857,True
0.170469,0.177882,0.754258,False
0.164972,0.171985,0.748161,True
0.167023,0.172672,0.757061,False
0.144455,0.160393,0.674316,True
0.190468,0.178058,0.865829,False
0.174058,0.174398,0.789905,False
0.169049,0.164147,0.808722,False
0.15599,0.168034,0.712298,False
0.195894,0.188917,0.844788,False
0.17188,0.177506,0.763802,False
0.156991,0.168412,0.71664,False
0.169827,0.170486,0.783212,True
0.190173,0.187109,0.822376,False
0.162383,0.167047,0.754777,True
0.183061,0.184207,0.796714,False
0.160817,0.175554,0.709279,True
0.158942,0.174882,0.701287,True
0.169176,0.179919,0.738532,False
0.159825,0.173672,0.711257,False
0.164037,0.178269,0.71654,False
0.171453,0.178441,0.757408,False
0.167219,0.173196,0.755899,False
0.17845,0.178628,0.795788,False
0.172722,0.171123,0.797218,False
0.148865,0.168545,0.667863,False
0.18078,0.190887,0.756886,False
0.154801,0.174197,0.680271,True
0.142874,0.162941,0.654065,True
0.178282,0.176793,0.803096,False
0.170997,0.188505,0.714557,False
0.168165,0.1776,0.742487,False
0.148581,0.164781,0.681398,False
0.19128,0.187092,0.828362,False
0.176782,0.175151,0.802065,False
0.147053,0.163013,0.67941,True
0.142872,0.161097,0.661538,False
0.198528,0.17755,0.913707,False
0.15905,0.161952,0.757938,False
0.174927,0.17721,0.782275,False
0.164571,0.180013,0.712566,True
0.161877,0.180048,0.697462,False
0.161327,0.176635,0.707827,False
0.168098,0.173321,0.760426,False
0.151504,0.162259,0.709998,False
0.162317,0.171364,0.735378,False
0.13423,0.156926,0.624051,False
0.165287,0.166316,0.775553,False
0.149507,0.157155,0.72035,False
0.171343,0.172525,0.782748,False
0.161721,0.171287,0.732228,True
0.18321,0.187316,0.784289,False
0.198281,0.18721,0.865239,False
0.153951,0.161154,0.730052,False
0.189419,0.181175,0.845144,False
0.185355,0.176089,0.846473,False
0.158339,0.170268,0.716747,False
0.150748,0.174378,0.656319,False
0.186993,0.187128,0.805295,False
0.179184,0.175687,0.813285,False
0.183006,0.18129,0.809236,False
0.193779,0.188238,0.836597,False
0.135965,0.160445,0.621174,False
0.153927,0.175602,0.669851,False
0.131452,0.157066,0.605808,False
0.173346,0.174715,0.784399,False
0.181628,0.189738,0.765939,False
0.140191,0.163402,0.635798,False
0.159785,0.170504,0.724235,True
0.185387,0.181794,0.820086,False
0.177798,0.174795,0.809512,False
0.155734,0.166612,0.716838,False
0.147174,0.157006,0.706172,True
0.196805,0.194858,0.823702,False
0.164359,0.176188,0.726832,True
0.195874,0.175152,0.911059,False
0.200928,0.209054,0.787489,False
0.146548,0.164378,0.670701,False
0.146581,0.160924,0.685298,False
0.195934,0.185668,0.859786,False
0.15038,0.163823,0.696363,True
0.163375,0.171984,0.738877,False
0.173348,0.173825,0.788425,False
0.16602,0.165691,0.782901,False
0.151626,0.178915,0.644586,True
0.15838,0.168866,0.72294,False
0.153187,0.159567,0.732524,False
0.166908,0.181327,0.720289,False
0.182859,0.194129,0.754957,False
0.17113,0.177095,0.761342,False
0.16173,0.188578,0.665133,True
0.144973,0.170228,0.638399,False
0.149154,0.172864,0.65285,True
0.149889,0.153639,0.739326,False
0.150395,0.169256,0.674098,False
0.189693,0.194573,0.78836,False
0.148384,0.162209,0.690984,False
0.184153,0.184829,0.799946,False
0.170414,0.177363,0.756154,False
0.170275,0.16983,0.788876,False
0.157266,0.163774,0.738615,False
0.135651,0.157161,0.632159,False
0.167808,0.175778,0.748147,True
0.162733,0.170235,0.742696,False
0.199485,0.192747,0.846626,False
0.15245,0.17569,0.661109,False
0.171461,0.176887,0.764106,False
0.166794,0.177637,0.734609,False
0.157064,0.157129,0.768564,False
0.167211,0.176447,0.741931,True
0.166585,0.163149,0.79856,False
0.173279,0.185939,0.736688,False
0.160097,0.162519,0.76174,False
0.155342,0.17397,0.684267,False
0.170275,0.176197,0.760371,False
0.153236,0.168778,0.692839,False
0.176493,0.188238,0.744766,False
0.139364,0.161212,0.639307,True
0.168923,0.175297,0.756562,False
0.199062,0.181958,0.894504,False
0.186021,0.182157,0.821938,False
0.144885,0.163435,0.664391,False
0.164003,0.188726,0.67666,False
0.175258,0.173714,0.799921,False
0.199249,0.191409,0.851312,False
0.15092,0.160328,0.714911,False
0.154162,0.165231,0.71332,False
0.181329,0.187739,0.772504,True
0.169988,0.176301,0.758295,False
0.193034,0.18779,0.83462,False
0.151542,0.176541,0.652776,True
0.158694,0.164896,0.742254,False
0.166357,0.180898,0.71895,False
0.182017,0.183303,0.794951,False
0.138031,0.16544,0.614913,True
0.190504,0.185874,0.829616,False
0.165341,0.190143,0.678653,False
0.180358,0.179843,0.801022,False
0.198066,0.181132,0.893083,False
0.131968,0.157723,0.606557,True
0.16988,0.164223,0.813408,True
0.175251,0.18079,0.768579,False
0.150171,0.180212,0.631871,False
0.151744,0.189071,0.610583,True
0.179078,0.179077,0.797296,False
0.174265,0.18211,0.757591,False
0.182663,0.18673,0.783826,False
0.178065,0.176344,0.803916,False
0.189346,0.186542,0.820436,False
0.179017,0.175632,0.812592,False
0.166116,0.158426,0.819414,False
0.202754,0.188337,0.883808,False
0.18489,0.180489,0.823261,False
0.17926,0.182064,0.785217,False
0.152943,0.178982,0.6517,False
0.18564,0.176676,0.845276,False
0.182047,0.201699,0.722597,False
0.148104,0.166858,0.670052,False
0.174117,0.169198,0.814528,False
0.150437,0.16346,0.69826,True
0.151982,0.155788,0.742561,False
0.184391,0.179081,0.826947,False
0.215275,0.208157,0.859805,False
0.148221,0.166027,0.67411,True
0.162323,0.173652,0.725719,False
0.144171,0.165633,0.651266,False
0.189306,0.208155,0.73506,False
0.171233,0.174756,0.772124,False
0.193971,0.195604,0.806072,False
0.144102,0.165066,0.653086,False
0.161677,0.171072,0.732891,False
0.165937,0.162104,0.79972,False
0.193781,0.188923,0.833575,False
0.190483,0.193832,0.795451,False
0.136153,0.159876,0.624563,True
0.185658,0.171851,0.869114,False
0.172699,0.184441,0.739527,False
0.17506,0.172301,0.805333,False
0.159556,0.178561,0.690274,True
0.152222,0.16327,0.709998,True
0.184567,0.174574,0.849305,False
0.165556,0.174583,0.740372,False
0.158089,0.161508,0.754078,True
0.15093,0.161005,0.711967,False
0.157961,0.169207,0.71901,False
0.193368,0.178258,0.88113,False
0.185961,0.173271,0.863737,False
0.15194,0.159595,0.724585,True
0.163604,0.16378,0.777289,True
0.17056,0.173962,0.771776,False
0.145282,0.160711,0.678126,False
0.167853,0.186309,0.706103,False
0.172582,0.189674,0.718506,False
0.147184,0.159771,0.694017,False
0.139822,0.150083,0.689764,False
0.190161,0.201793,0.76247,False
0.154749,0.164425,0.720381,False
0.138873,0.160557,0.638856,False
0.186185,0.193972,0.772715,False
0.154592,0.173549,0.681602,False
0.178045,0.184557,0.76803,False
0.164627,0.183836,0.698051,False
0.162481,0.162289,0.777505,True
0.163059,0.173761,0.729505,False
0.152973,0.162061,0.71993,True
0.173108,0.182913,0.747943,False
0.150224,0.178715,0.637462,False
0.171325,0.181717,0.743055,False
0.168899,0.185581,0.714505,False
0.143917,0.168253,0.639614,True
0.190887,0.18099,0.85412,False
0.16751,0.180081,0.728621,False
0.175892,0.179334,0.778391,False
0.152485,0.173745,0.668709,True
0.168081,0.165044,0.798462,False
0.181317,0.185534,0.781617,False
0.169638,0.19441,0.685862,False
0.177496,0.183757,0.768382,False
0.156583,0.171976,0.699416,True
0.153954,0.158887,0.740488,False
0.189598,0.180982,0.847037,False
0.172986,0.185758,0.735826,False
0.160447,0.177398,0.699821,True
0.153052,0.166263,0.702215,True
0.143765,0.154546,0.695357,False
0.145254,0.159208,0.684348,False
0.157089,0.164555,0.734034,False
0.190201,0.184872,0.832475,False
0.149717,0.164869,0.687922,False
0.145433,0.165684,0.658679,False
0.144517,0.173932,0.622178,False
0.179459,0.182885,0.782782,False
0.16318,0.16699,0.759803,False
0.158042,0.168254,0.723559,True
0.15477,0.17497,0.677087,False
0.15598,0.176137,0.679473,True
0.152111,0.170524,0.679149,False
0.129303,0.156558,0.594048,True
0.162751,0.16694,0.757463,False
0.14795,0.168536,0.662469,True
0.191515,0.183784,0.844551,False
0.15167,0.154731,0.745614,False
0.169018,0.165167,0.803537,False
0.169248,0.167826,0.792178,False
0.15467,0.17216,0.687561,False
0.191873,0.181241,0.85838,False
0.175821,0.179237,0.778415,False
0.18109,0.177373,0.816306,False
0.153832,0.166907,0.704177,False
0.153009,0.16758,0.69644,False
0.140809,0.166778,0.626636,False
0.181671,0.169576,0.857262,False
0.139272,0.153178,0.67224,False
0.141082,0.156856,0.668011,False
0.172267,0.163222,0.833019,False
0.162958,0.171156,0.740013,False
0.130826,0.160959,0.587265,False
0.167302,0.174179,0.75211,False
0.162593,0.183878,0.686831,False
0.185975,0.180733,0.828156,False
0.155877,0.165408,0.722917,False
0.171166,0.187058,0.720985,False
0.147088,0.155365,0.713079,True
0.165439,0.178999,0.721454,False
0.146251,0.163656,0.671844,True
0.151694,0.158046,0.730126,False
0.16773,0.165092,0.796104,False
0.165833,0.176159,0.735319,False
0.185199,0.177064,0.840935,False
0.153922,0.159342,0.738175,True
0.165463,0.15875,0.813628,False
0.150009,0.160591,0.708064,False
0.126477,0.162983,0.55329,False
0.179003,0.188393,0.757474,False
0.146298,0.156574,0.702528,False
0.150914,0.170262,0.673162,False
0.153052,0.1664,0.701636,False
0.15659,0.162562,0.739966,True
0.192108,0.178597,0.8724,False
0.180772,0.179424,0.805203,False
0.177341,0.183795,0.767386,False
0.192111,0.198802,0.78375,False
0.177592,0.192495,0.734007,False
0.157426,0.178329,0.679226,False
0.174968,0.176386,0.786162,False
0.180758,0.176972,0.816276,False
0.16507,0.169512,0.75965,False
0.158547,0.176667,0.691966,False
0.151883,0.170743,0.676943,True
0.162413,0.165073,0.763986,False
0.161866,0.170181,0.737842,False
0.13977,0.167981,0.615959,False
0.147088,0.174585,0.634579,False
0.143158,0.163254,0.654549,True
0.162801,0.168282,0.751719,False
0.173851,0.167632,0.820551,False
0.158096,0.170398,0.714774,False
0.183583,0.176924,0.832468,False
0.186003,0.177324,0.84423,False
0.147491,0.15283,0.727548,False
0.186175,0.190202,0.787977,False
0.195349,0.189908,0.837509,False
0.186031,0.177558,0.843282,False
0.14103,0.165783,0.631728,True
0.166416,0.171994,0.756515,False
0.151454,0.169659,0.678739,False
0.166102,0.184184,0.704741,False
0.172025,0.179768,0.754998,True
0.146711,0.154862,0.712961,False
0.169499,0.175921,0.757154,False
0.152084,0.186524,0.620747,False
0.18057,0.178381,0.808774,False
0.135287,0.157998,0.626511,False
0.174815,0.184873,0.749245,False
0.183708,0.190793,0.772603,False
0.179994,0.187616,0.765892,False
0.18574,0.183759,0.813239,False
0.153012,0.166222,0.702144,False
0.155082,0.176763,0.671982,False
0.180041,0.181341,0.792658,False
0.1716,0.169012,0.800537,False
0.209221,0.199143,0.868327,False
0.156299,0.161263,0.744116,False
0.168885,0.184436,0.718865,False
0.17827,0.178322,0.796144,False
0.161661,0.165813,0.756037,False
0.202152,0.18734,0.885297,False
0.155627,0.167856,0.71089,True
0.148976,0.158128,0.712562,True
0.145351,0.168422,0.647488,False
0.161167,0.185896,0.671705,True
0.175018,0.185896,0.74621,True
0.153342,0.169655,0.689886,False
0.195144,0.188257,0.843761,False
0.176263,0.18054,0.775245,False
0.156888,0.165381,0.729154,False
0.157732,0.176883,0.686512,False
0.182063,0.187104,0.779048,True
0.140726,0.152138,0.686387,True
0.166817,0.179056,0.728913,False
0.151625,0.149237,0.772766,True
0.181234,0.18179,0.797264,False
0.169569,0.188613,0.70657,False
0.1693,0.169139,0.786333,False
0.156334,0.16244,0.738946,False
0.165393,0.177624,0.726773,False
0.178396,0.190447,0.746118,False
0.147623,0.154201,0.721933,False
0.14666,0.161651,0.682707,False
0.177454,0.195269,0.72287,False
0.185462,0.183591,0.81247,False
0.178149,0.178113,0.796395,False
0.180138,0.198944,0.723011,False
0.16384,0.169154,0.753989,False
0.176918,0.17817,0.789231,True
0.17302,0.171417,0.797585,False
0.161164,0.176345,0.708064,False
0.138071,0.159423,0.638372,True
0.195779,0.189066,0.84351,False
0.155954,0.171026,0.699625,True
0.179382,0.178187,0.802991,False
0.182363,0.187298,0.77984,False
0.169195,0.175956,0.755273,False
0.150869,0.165939,0.690426,False
0.1592,0.160827,0.76418,False
0.142156,0.164162,0.644828,False
0.159899,0.170342,0.725594,False
0.177072,0.183289,0.768032,False
0.181267,0.183534,0.789863,False
0.15639,0.167241,0.718063,False
0.180282,0.173422,0.830241,False
0.186747,0.185019,0.813146,False
0.162606,0.176402,0.716014,False
0.176248,0.172861,0.809601,False
0.171096,0.18262,0.738122,False
0.190919,0.183741,0.841506,False
0.122019,0.15717,0.545392,True
0.151985,0.159219,0.726581,False
0.191446,0.180639,0.858876,False
0.160437,0.159159,0.779956,False
0.178447,0.175712,0.808973,False
0.162829,0.168883,0.749211,False
0.174751,0.178556,0.775393,True
0.162107,0.168214,0.7479,False
0.169069,0.179758,0.738598,False
0.147987,0.167398,0.667196,True
0.186013,0.168187,0.890161,False
0.156039,0.166562,0.718887,True
0.147789,0.159441,0.699248,True
0.158755,0.163819,0.747498,True
0.174076,0.176797,0.779286,False
0.164972,0.181739,0.708007,False
0.178078,0.173744,0.816014,False
0.174021,0.177504,0.775872,False
0.160641,0.191487,0.649342,False
0.163118,0.17366,0.730267,False
0.162853,0.170001,0.744426,False
0.179217,0.19093,0.748533,False
0.175395,0.180921,0.768816,False
0.172158,0.1758,0.772798,False
0.14659,0.158203,0.697141,False
0.169648,0.171309,0.778405,False
0.164813,0.171745,0.748279,False
0.179499,0.173946,0.823243,False
0.173899,0.167188,0.823018,False
0.159866,0.179827,0.687135,False
0.172991,0.182066,0.750773,False
0.175703,0.191906,0.726414,True
0.163486,0.167172,0.760807,False
0.174536,0.183098,0.75498,False
0.151927,0.182928,0.632091,False
0.181829,0.186999,0.778234,False
0.157483,0.167878,0.721849,False
0.16291,0.166072,0.762385,True
0.186047,0.175857,0.851526,False
0.181909,0.184748,0.788146,False
0.158251,0.169181,0.720833,False
0.152449,0.163105,0.712112,False
0.182645,0.197454,0.741162,False
0.153391,0.166187,0.704571,False
0.151103,0.165959,0.691752,False
0.165885,0.168216,0.770347,False
0.150884,0.166677,0.687462,False
0.143039,0.158523,0.673334,False
0.148435,0.166741,0.672512,False
0.180961,0.193835,0.746309,False
0.145824,0.171156,0.639908,True
0.160514,0.170826,0.727138,False
0.146226,0.176224,0.623785,True
0.148887,0.164855,0.682944,False
0.16485,0.17702,0.726189,False
0.166057,0.170041,0.763093,True
0.168661,0.169382,0.781432,False
0.145285,0.164795,0.661336,False
0.163615,0.173679,0.733047,False
0.162376,0.188146,0.670097,True
0.161725,0.175139,0.716143,False
0.165212,0.163049,0.790631,False
0.168935,0.165458,0.801623,False
0.168222,0.171789,0.767927,False
0.164214,0.170917,0.7484,False
0.173357,0.180098,0.761014,False
0.183878,0.175445,0.84116,False
0.152142,0.185474,0.624572,False
0.165255,0.170788,0.755059,False
0.16423,0.16551,0.772942,False
0.162263,0.172846,0.728757,False
0.137712,0.161272,0.628825,True
0.147557,0.155591,0.715062,False
0.189299,0.174206,0.878267,False
0.173034,0.177458,0.770515,True
0.178084,0.181243,0.782288,False
0.169106,0.163549,0.812025,False
0.158792,0.162749,0.752647,False
0.121832,0.151054,0.566232,True
0.202365,0.190764,0.870528,False
0.173904,0.179846,0.765125,False
0.170833,0.167035,0.805418,False
0.172532,0.177616,0.767002,False
0.18754,0.181034,0.835422,False
0.150561,0.178019,0.641849,True
0.194837,0.177143,0.894967,False
0.188619,0.186491,0.816763,False
0.159609,0.163347,0.754887,False
0.202564,0.187748,0.885569,False
0.172347,0.183705,0.740574,False
0.153783,0.171159,0.686399,True
0.185377,0.187269,0.796059,False
0.177014,0.183135,0.768365,False
0.196305,0.196323,0.81501,False
0.165819,0.167569,0.772926,False
0.179476,0.168165,0.851402,False
0.178143,0.175198,0.809612,False
0.166838,0.179688,0.726472,False
0.158446,0.180688,0.676006,False
0.159708,0.173277,0.712201,True
0.162857,0.183589,0.689352,False
0.18693,0.186718,0.806724,False
0.184411,0.178097,0.831632,False
0.176253,0.196455,0.71239,False
0.153884,0.160654,0.731906,False
0.199645,0.181603,0.89946,False
0.167832,0.171089,0.768798,True
0.193418,0.185404,0.847434,False
0.163991,0.173725,0.735021,False
0.15774,0.162542,0.747127,False
0.148313,0.167789,0.66758,False
0.172997,0.18009,0.759046,False
0.158931,0.17577,0.697677,False
0.137313,0.16061,0.628934,True
0.156314,0.158064,0.759272,False
0.161147,0.168363,0.741537,False
0.203339,0.18395,0.908068,False
0.16279,0.163935,0.771589,True
0.158415,0.167066,0.730936,False
0.19028,0.197015,0.781566,True
0.16825,0.177422,0.743708,False
0.182029,0.180562,0.807085,True
0.168036,0.168866,0.780123,False
0.134574,0.162789,0.60369,True
0.168537,0.167789,0.788116,False
0.182008,0.186612,0.780805,False
0.157533,0.180849,0.670355,False
0.167609,0.179446,0.731745,False
0.179365,0.170597,0.838611,False
0.156194,0.166196,0.721403,False
0.145746,0.151453,0.722642,True
0.160212,0.168744,0.734317,False
0.165618,0.170255,0.759551,False
0.160564,0.174548,0.711918,False
0.196093,0.180363,0.885955,False
0.183528,0.176691,0.833253,False
0.144268,0.174828,0.617566,True
0.152781,0.174793,0.666397,False
0.18394,0.198486,0.743829,False
0.181264,0.180987,0.800965,False
0.163641,0.16123,0.789808,False
0.168372,0.179521,0.735689,False
0.152536,0.178501,0.651179,False
0.134069,0.165708,0.59001,False
0.163478,0.164257,0.77426,False
0.184443,0.175608,0.843601,False
0.16223,0.19153,0.657496,True
0.171925,0.18596,0.729326,False
0.163463,0.176644,0.719882,False
0.176875,0.174117,0.80736,False
0.155673,0.165552,0.721062,False
0.176702,0.170022,0.825788,False
0.166727,0.175887,0.741538,False
0.13971,0.16099,0.642341,False
0.149601,0.180095,0.629117,True
0.160344,0.171778,0.72212,True
0.167664,0.176692,0.743464,False
0.175718,0.189477,0.735802,False
0.177618,0.178044,0.793726,False
0.166738,0.170897,0.763253,False
0.179369,0.190205,0.752181,False
0.160192,0.164385,0.753668,False
0.148335,0.159674,0.70165,False
0.178128,0.17607,0.805523,False
0.164599,0.170046,0.754495,False
0.169819,0.183503,0.72761,True
0.153779,0.167869,0.69983,False
0.170948,0.174575,0.771293,False
0.132912,0.156328,0.618012,False
0.151176,0.163495,0.702624,False
0.144114,0.161462,0.66774,False
0.15585,0.168511,0.709447,False
0.144087,0.161181,0.668732,False
0.187617,0.182338,0.829874,False
0.167436,0.185802,0.705783,False
0.16111,0.171213,0.728973,False
0.208279,0.194741,0.883115,False
0.144591,0.156419,0.692311,False
0.147757,0.161757,0.689038,False
0.155168,0.169089,0.702992,True
0.153179,0.156001,0.749223,True
0.1757,0.173508,0.803422,False
0.171747,0.179529,0.754458,False
0.160445,0.187405,0.66244,False
0.187816,0.178049,0.850978,True
0.204503,0.201127,0.836299,False
0.151287,0.167787,0.685313,False
0.15801,0.172442,0.705804,False
0.147374,0.171992,0.645809,False
0.158975,0.179446,0.683634,False
0.148836,0.149523,0.752633,False
0.154578,0.177834,0.665102,False
0.165044,0.180432,0.713528,False
0.18152,0.174169,0.833787,False
0.172037,0.173085,0.784221,False
0.141163,0.164049,0.639222,False
0.128614,0.154574,0.597215,False
0.18085,0.177765,0.813151,False
0.168488,0.175325,0.753958,False
0.161431,0.176616,0.708495,False
0.171879,0.162403,0.834829,False
0.15034,0.150271,0.758895,True
0.162776,0.170108,0.743507,False
0.155519,0.182034,0.654929,False
0.158604,0.175517,0.69682,False
0.174365,0.165337,0.835051,False
0.149311,0.164805,0.685726,False
0.15807,0.173154,0.703244,True
0.190084,0.196473,0.782724,False
0.170174,0.160887,0.832105,False
0.165711,0.186761,0.692922,False
0.146738,0.155431,0.710526,True
0.154549,0.167172,0.707345,False
0.164194,0.166119,0.769895,False
0.150164,0.156407,0.727999,False
0.133955,0.154409,0.63244,False
0.1588,0.167959,0.729345,False
0.135232,0.149609,0.661272,False
0.163121,0.176772,0.717425,False
0.150516,0.168965,0.675976,False
0.149005,0.168743,0.667905,False
0.151001,0.172236,0.665951,False
0.159422,0.184858,0.666037,False
0.169576,0.175451,0.759619,False
0.179538,0.182047,0.786822,False
0.153564,0.172614,0.679342,False
0.159741,0.170984,0.721947,False
0.186513,0.183304,0.819478,False
0.169935,0.170725,0.782752,False
0.173185,0.173383,0.789494,False
0.135763,0.157553,0.631301,True
0.168655,0.175594,0.753755,False
0.192383,0.198446,0.786526,False
0.157373,0.164806,0.73464,False
0.18107,0.187334,0.77279,False
0.161471,0.170878,0.73252,False
0.162897,0.182959,0.691941,False
0.171653,0.179107,0.755712,False
0.162943,0.166104,0.762432,False
0.181762,0.184752,0.787337,True
0.147945,0.157142,0.710472,False
0.160717,0.1824,0.682108,True
0.138977,0.171285,0.599452,False
0.13496,0.167776,0.588048,True
0.154976,0.168418,0.704649,False
0.155467,0.187619,0.635154,False
0.186513,0.176894,0.84917,False
0.195718,0.191808,0.831134,False
0.155571,0.178462,0.668327,False
0.163549,0.164526,0.773426,False
0.167366,0.174064,0.752975,False
0.165215,0.170021,0.758232,False
0.158726,0.173386,0.706088,False
0.145387,0.162421,0.671629,True
0.148982,0.160928,0.700203,False
0.161854,0.181402,0.692131,True
0.172164,0.172808,0.786218,False
0.166909,0.179709,0.72678,False
0.167627,0.17011,0.772016,False
0.146348,0.166904,0.659349,False
0.172323,0.183417,0.741603,True
0.161176,0.182974,0.682481,True
0.151616,0.168067,0.686128,False
0.170734,0.176558,0.761413,False
0.154431,0.162229,0.728174,False
0.148801,0.156941,0.716835,False
0.178169,0.189772,0.747574,False
0.143778,0.163636,0.65681,True
0.176721,0.16861,0.832813,False
0.194585,0.189889,0.833567,False
0.165123,0.169793,0.758708,False
0.181869,0.177531,0.819964,False
0.160146,0.183687,0.674224,False
0.184809,0.17783,0.835115,False
0.165674,0.170426,0.759122,False
0.182348,0.171631,0.850942,False
0.148716,0.178234,0.630719,True
0.159202,0.164712,0.746164,True
0.171602,0.183874,0.735844,False
0.157057,0.157369,0.767351,False
0.18684,0.186125,0.808811,False
0.168025,0.169098,0.778988,False
0.145139,0.155266,0.700979,False
0.162716,0.175244,0.721371,False
0.160061,0.182674,0.6775,True
0.173618,0.175787,0.781163,False
0.160613,0.16581,0.749734,False
0.151339,0.171361,0.671325,False
0.159336,0.155945,0.788971,False
0.168373,0.201969,0.653929,False
0.150581,0.168423,0.678532,False
0.161172,0.174159,0.717002,False
0.145809,0.16836,0.650448,False
0.195075,0.185461,0.856109,False
0.145046,0.165345,0.65769,False
0.143112,0.165741,0.644454,False
0.161128,0.168451,0.741035,False
0.161722,0.169389,0.740436,True
0.119672,0.150464,0.554099,True
0.183905,0.19146,0.770943,False
0.158222,0.166583,0.731895,False
0.169977,0.166635,0.802215,False
0.147416,0.163648,0.67899,False
0.158698,0.167989,0.728607,False
0.156344,0.158575,0.75702,False
0.147821,0.157851,0.706497,False
0.154387,0.171861,0.687109,False
0.157219,0.171666,0.704386,False
0.155136,0.166393,0.714185,False
0.187246,0.172962,0.872711,False
0.142212,0.154875,0.683853,False
0.156968,0.175402,0.687953,False
0.174401,0.17864,0.773067,False
0.16538,0.177623,0.726708,False
0.172789,0.191233,0.713733,False
0.185187,0.172977,0.86073,False
0.162058,0.169757,0.740811,True
0.164749,0.176736,0.726783,False
0.18643,0.188106,0.798114,False
0.141316,0.167139,0.628312,False
0.162129,0.170823,0.736603,False
0.15589,0.177669,0.673107,True
0.178859,0.181336,0.786155,True
0.142525,0.165671,0.641176,False
0.174438,0.181919,0.759337,False
0.192289,0.202887,0.768846,False
0.155983,0.178543,0.670334,True
0.167502,0.186434,0.703745,False
0.161931,0.15756,0.797354,False
0.162961,0.161526,0.784151,True
0.179303,0.190191,0.751892,False
0.136609,0.166925,0.600927,False
0.146982,0.160028,0.69164,False
0.173139,0.16873,0.810994,False
0.183527,0.177641,0.828786,False
0.156962,0.170128,0.709244,False
0.161341,0.17267,0.724166,False
0.181915,0.171135,0.850882,False
0.157775,0.176732,0.687343,False
0.156908,0.168826,0.714389,False
0.153988,0.176482,0.666854,False
0.148412,0.172023,0.651727,False
0.174789,0.192555,0.71922,False
0.145281,0.154798,0.704024,False
0.180005,0.192453,0.746702,True
0.152528,0.16466,0.705866,True
0.150788,0.166099,0.689275,False
0.154883,0.171159,0.692826,False
0.180476,0.179371,0.803788,False
0.159308,0.170659,0.720784,False
0.191243,0.19131,0.809901,False
0.192103,0.185342,0.840622,False
0.160868,0.164613,0.756735,False
0.163673,0.169566,0.751174,False
0.173622,0.177532,0.773505,False
0.160914,0.169952,0.73323,False
0.181767,0.178546,0.814733,False
0.155443,0.178382,0.667911,False
0.160028,0.173877,0.711583,False
0.169634,0.182269,0.731521,False
0.170064,0.177734,0.752608,False
0.15808,0.179535,0.67831,False
0.154619,0.163454,0.723863,True
0.146303,0.162717,0.676038,False
0.171019,0.17676,0.76216,False
0.195981,0.200149,0.797809,False
0.126863,0.155572,0.582127,False
0.167439,0.177485,0.738874,False
0.179608,0.173781,0.824649,False
0.153745,0.167525,0.701057,False
0.166659,0.173794,0.750081,True
0.189039,0.182575,0.836582,False
0.147672,0.161022,0.691655,False
0.166877,0.187138,0.697758,True
0.169579,0.167085,0.797673,False
0.19159,0.196823,0.788983,False
0.150821,0.166794,0.686602,False
0.166898,0.173235,0.753878,False
0.164517,0.170937,0.750084,False
0.183089,0.178101,0.824191,False
0.170091,0.174615,0.766205,False
0.177344,0.185317,0.761094,False
0.148468,0.169802,0.660586,False
0.139936,0.156836,0.66079,False
0.177477,0.179268,0.787521,False
0.156238,0.169907,0.705904,True
0.16786,0.176712,0.744489,False
0.164612,0.16426,0.781151,False
0.145532,0.16563,0.659496,False
0.168647,0.173285,0.763753,True
0.150428,0.170568,0.669107,False
0.154122,0.162513,0.725001,False
0.195703,0.19399,0.821709,False
0.159751,0.170916,0.722294,False
0.179799,0.17106,0.838884,False
0.204107,0.192315,0.872564,False
0.149699,0.158019,0.717629,False
0.163389,0.180366,0.704616,True
0.157467,0.162191,0.747062,False
0.174469,0.182049,0.758966,False
0.201236,0.188051,0.877084,False
0.169166,0.175966,0.755064,False
0.172237,0.177976,0.763792,False
0.151934,0.16749,0.690394,False
0.181822,0.175184,0.830682,False
0.141244,0.153774,0.682459,True
0.154772,0.177225,0.668481,False
0.18179,0.186652,0.779475,False
0.166177,0.163804,0.792885,False
0.196637,0.18731,0.855997,False
0.16832,0.184429,0.715833,False
0.15812,0.172522,0.706111,True
0.162158,0.160225,0.785508,False
0.166887,0.172171,0.758471,False
0.205416,0.205798,0.821755,False
0.184898,0.184595,0.804998,False
0.191878,0.194841,0.798487,False
0.163365,0.179878,0.706394,False
0.189127,0.179028,0.853646,False
0.171375,0.172648,0.782369,True
0.153776,0.175843,0.668073,False
0.148106,0.174437,0.640951,False
0.174439,0.180728,0.764351,False
0.142226,0.160243,0.661035,False
0.162772,0.169582,0.745789,False
0.148917,0.169934,0.662711,False
0.151655,0.172165,0.670025,False
0.136143,0.165063,0.604879,True
0.175326,0.190341,0.730405,False
0.1746,0.181456,0.762166,False
0.15223,0.179697,0.645142,False
0.16918,0.180262,0.737146,False
0.159053,0.167291,0.73377,False
0.162736,0.179865,0.70295,True
0.137362,0.159022,0.635519,False
0.155419,0.18468,0.645006,False
0.197999,0.189258,0.854383,False
0.170817,0.170221,0.790251,False
0.173186,0.188655,0.725592,False
0.18027,0.19033,0.756424,True
0.152382,0.176908,0.656169,True
0.148233,0.170031,0.658305,False
0.150276,0.161769,0.704559,False
0.138015,0.161272,0.630708,True
0.160678,0.170694,0.72866,False
0.169477,0.186429,0.714357,False
0.17592,0.17624,0.792217,False
0.163006,0.177847,0.712444,False
0.154935,0.176174,0.673394,False
0.167772,0.181612,0.723915,False
0.146291,0.163029,0.674668,True
0.185071,0.181665,0.81893,False
0.145555,0.166194,0.657392,False
0.158354,0.172335,0.708239,False
0.149657,0.170621,0.664375,False
0.17227,0.172208,0.789571,False
0.163466,0.177886,0.714877,False
0.148518,0.162595,0.690171,False
0.161647,0.16382,0.765149,False
0.162932,0.169512,0.747039,False
0.181013,0.186903,0.774271,False
0.153062,0.161918,0.721115,False
0.170705,0.172938,0.777184,False
0.149077,0.167152,0.674699,False
0.175475,0.17621,0.789825,False
0.157658,0.176076,0.689236,False
0.15867,0.183891,0.665447,False
0.163079,0.186555,0.679583,False
0.166617,0.172574,0.755135,False
0.154761,0.167766,0.706111,False
0.167928,0.181392,0.725656,False
0.146679,0.169106,0.652724,False
0.152559,0.164014,0.708836,False
0.1709,0.172225,0.78154,False
0.180269,0.196159,0.733943,False
0.168842,0.175761,0.754103,False
0.177796,0.170402,0.830365,False
0.154267,0.169496,0.695989,False
0.136134,0.168031,0.594144,False
0.147396,0.163482,0.679561,False
0.148514,0.164794,0.680936,False
0.169589,0.168686,0.790158,False
0.145172,0.163104,0.667501,True
0.172712,0.172337,0.791546,False
0.174307,0.17945,0.769056,False
0.192807,0.202245,0.77385,False
0.199235,0.190197,0.856664,False
0.202838,0.195243,0.852979,False
0.167002,0.16907,0.773065,False
0.167302,0.176223,0.743392,False
0.178513,0.181119,0.785192,False
0.156031,0.164172,0.729306,False
0.143892,0.160823,0.669013,False
0.132925,0.170689,0.566088,True
0.180136,0.182979,0.786076,False
0.159759,0.168949,0.730751,False
0.148696,0.171996,0.653479,True
0.194885,0.193592,0.819173,False
0.169667,0.173429,0.769003,False
0.166684,0.166117,0.784892,False
0.169039,0.169875,0.78139,False
0.167087,0.175638,0.744639,False
0.156949,0.171877,0.701952,False
0.165121,0.166198,0.775107,False
0.147597,0.168926,0.658853,False
0.167151,0.167327,0.782012,False
0.157109,0.169858,0.711236,False
0.18797,0.185924,0.81576,False
0.166652,0.175713,0.741845,True
0.167818,0.173695,0.757177,False
0.164112,0.185823,0.687813,False
0.151665,0.168188,0.685926,False
0.183059,0.171891,0.853792,False
0.139713,0.152295,0.67903,False
0.187148,0.187496,0.804536,False
0.163993,0.175059,0.729426,False
0.165289,0.171944,0.750182,False
0.123492,0.156488,0.55718,False
0.173272,0.189844,0.721499,False
0.182864,0.178722,0.820065,False
0.146199,0.17073,0.643698,False
0.173439,0.179779,0.762823,False
0.171036,0.188142,0.716142,False
0.191146,0.187146,0.827412,False
0.169674,0.171534,0.777541,False
0.159108,0.176609,0.695369,False
0.16336,0.172779,0.735394,False
0.166004,0.173819,0.746203,False
0.149246,0.170613,0.662002,True
0.159903,0.172175,0.717893,False
0.173413,0.183738,0.746242,False
0.159737,0.174216,0.708525,False
0.153976,0.172208,0.68334,True
0.167764,0.178259,0.73749,False
0.151266,0.166574,0.690177,True
0.151439,0.172021,0.669328,False
0.167938,0.18125,0.726279,False
0.154496,0.162231,0.728566,True
0.179252,0.176407,0.810357,False
0.147062,0.164775,0.672203,False
0.151894,0.171851,0.672641,False
0.16355,0.177781,0.715768,False
0.165349,0.171883,0.750797,True
0.143639,0.1698,0.632151,False
0.163524,0.174961,0.727158,False
0.148362,0.167387,0.669476,False
0.174131,0.180649,0.762978,False
0.169303,0.173325,0.767364,False
0.184267,0.181281,0.816229,False
0.163477,0.167083,0.761156,False
0.169796,0.17975,0.742674,False
0.156894,0.164334,0.733831,False
0.154152,0.167742,0.70258,False
0.180097,0.176707,0.813762,False
0.179231,0.185968,0.76858,False
0.147304,0.165775,0.669607,False
0.166852,0.175993,0.7418,False
0.157756,0.174289,0.696868,True
0.150799,0.174352,0.656711,True
0.167623,0.176308,0.744849,False
0.150069,0.160073,0.710729,False
0.152561,0.160541,0.72418,False
0.166746,0.161685,0.806796,False
0.151399,0.159074,0.723557,False
0.177936,0.183424,0.772179,False
0.149765,0.166612,0.681013,False
0.15393,0.176462,0.666605,True
0.168948,0.184328,0.719632,False
0.183641,0.18345,0.803167,False
0.172248,0.178938,0.759748,False
0.169506,0.172464,0.772365,False
0.166999,0.175789,0.743502,False
0.167694,0.172235,0.762879,False
0.170528,0.188349,0.712653,False
0.166351,0.179667,0.723846,False
0.156288,0.166638,0.720052,False
0.170995,0.175256,0.768565,False
0.141237,0.159706,0.65706,True
0.143298,0.168999,0.633124,False
0.165293,0.166536,0.774567,False
0.165391,0.170541,0.756949,False
0.165987,0.182733,0.709703,False
0.175948,0.192452,0.725622,False
0.17557,0.17665,0.788394,False
0.169147,0.169469,0.7839,False
0.157931,0.16762,0.725635,False
0.203327,0.196311,0.850829,False
0.140471,0.151671,0.686825,False
0.144508,0.155552,0.695639,False
0.132931,0.146598,0.659152,False
0.174978,0.17695,0.783714,True
0.165639,0.161134,0.802682,False
0.157755,0.164522,0.738233,False
0.182341,0.177469,0.82291,False
0.144579,0.160276,0.675583,False
0.187398,0.183006,0.825641,False
0.149709,0.167951,0.675251,False
0.143791,0.160647,0.669113,False
0.169169,0.165183,0.804374,False
0.189324,0.181788,0.841772,False
0.151842,0.189414,0.609995,True
0.167285,0.173972,0.752905,True
0.184479,0.184179,0.804542,False
0.18323,0.179507,0.818517,False
0.156182,0.180452,0.664344,True
0.161587,0.173515,0.722053,False
0.17868,0.17194,0.828078,False
0.17585,0.186091,0.749898,True
0.162543,0.164828,0.765907,False
0.156894,0.171494,0.703196,False
0.155338,0.160661,0.740924,False
0.161684,0.181724,0.689971,False
0.167382,0.188644,0.694863,False
0.161334,0.181256,0.689817,False
0.153632,0.151154,0.776243,False
0.159482,0.179053,0.687967,False
0.183219,0.17679,0.831041,False
0.174179,0.180655,0.763218,False
0.158036,0.170851,0.712527,False
0.157704,0.181801,0.667785,True
0.156699,0.166126,0.724746,False
0.132988,0.168282,0.57456,True
0.159679,0.162035,0.761434,False
0.172721,0.183316,0.744183,True
0.177281,0.1688,0.835199,False
0.162639,0.160804,0.785673,False
0.149434,0.164996,0.685681,False
0.14408,0.174846,0.616428,False
0.167514,0.161503,0.812452,False
0.158424,0.171369,0.712635,False
0.198675,0.193242,0.840268,False
0.164139,0.177076,0.721944,False
0.167198,0.19033,0.687746,True
0.178099,0.18231,0.777794,False
0.187358,0.198123,0.762446,False
0.155507,0.177887,0.67013,False
0.199626,0.200843,0.813199,False
0.166625,0.184019,0.708216,False
0.153306,0.163675,0.714868,False
0.161827,0.178014,0.705153,False
0.156342,0.165815,0.723951,True
0.149766,0.161963,0.700566,False
0.196084,0.181461,0.880542,False
0.170573,0.169193,0.793606,False
0.166209,0.166612,0.779709,False
0.201094,0.191418,0.860911,False
0.156402,0.175684,0.683626,False
0.171032,0.181198,0.743564,False
0.145263,0.163985,0.664473,False
0.180359,0.193394,0.744898,False
0.149758,0.162326,0.698954,False
0.164016,0.176994,0.721585,False
0.14333,0.161693,0.661934,False
0.174521,0.189391,0.729818,False
0.181809,0.175797,0.827709,True
0.186421,0.192006,0.781855,False
0.156111,0.157838,0.759074,False
0.174616,0.184721,0.748782,False
0.196547,0.184699,0.867614,False
0.154343,0.16684,0.707522,True
0.152832,0.164665,0.707692,True
0.17438,0.176069,0.784239,False
0.172245,0.16411,0.828374,False
0.146886,0.157829,0.700671,False
0.153006,0.171657,0.679883,True
0.160988,0.172488,0.722877,False
0.175655,0.178391,0.781178,False
0.174433,0.170002,0.812535,False
0.158229,0.164109,0.742975,False
0.169737,0.16825,0.793084,False
0.177466,0.184636,0.764567,False
0.178755,0.18723,0.760856,False
0.191083,0.188229,0.822312,False
0.152587,0.155757,0.746593,False
0.161817,0.175179,0.716509,False
0.155305,0.164059,0.725377,False
0.175613,0.182739,0.76236,False
0.143675,0.163293,0.657559,True
0.183761,0.182297,0.808903,False
0.143629,0.169408,0.633555,False
0.155403,0.16199,0.735251,True
0.158654,0.16707,0.732352,False
0.170575,0.183158,0.733107,False
0.206902,0.200176,0.852259,False
0.176945,0.177007,0.794572,False
0.147082,0.163146,0.679037,False
0.162908,0.172108,0.735631,False
0.187606,0.18111,0.835434,False
0.144976,0.164676,0.659934,True
0.163253,0.16927,0.75,False
0.156807,0.172611,0.698142,False
0.14977,0.155112,0.731536,False
0.166515,0.177446,0.733829,True
0.177136,0.176213,0.799235,True
0.176577,0.17477,0.802639,False
0.195211,0.18931,0.839421,False
0.146231,0.172455,0.637451,True
0.182378,0.191268,0.763737,False
0.183364,0.189891,0.774465,False
0.194438,0.19065,0.829467,False
0.166393,0.179283,0.725628,False
0.155023,0.170183,0.697618,True
0.140415,0.157248,0.662105,True
0.176846,0.174214,0.806743,True
0.184294,0.176135,0.840233,False
0.157673,0.171201,0.70895,False
0.164595,0.173659,0.738777,True
0.164665,0.169613,0.756814,False
0.166707,0.160757,0.811205,False
0.17729,0.19225,0.733366,False
0.145532,0.169681,0.643751,False
0.176983,0.172222,0.816874,False
0.178358,0.18595,0.763957,False
0.161959,0.179435,0.700302,True
0.16931,0.164657,0.807802,False
0.173654,0.170977,0.80335,False
0.178454,0.200589,0.708681,False
0.141013,0.163406,0.640815,False
0.174621,0.182104,0.759573,False
0.152642,0.159032,0.731566,True
0.176956,0.179261,0.784646,False
0.159739,0.16766,0.736249,False
0.149597,0.164165,0.690143,True
0.195021,0.195338,0.812548,False
0.17729,0.168214,0.838159,False
0.180212,0.184014,0.78207,False
0.15277,0.16378,0.711137,False
0.180114,0.182352,0.788663,False
0.152002,0.184415,0.627402,False
0.178089,0.184584,0.768157,False
0.154544,0.1692,0.698841,False
0.154686,0.162347,0.729215,False
0.135967,0.153614,0.648815,True
0.206671,0.196963,0.86499,False
0.172334,0.177531,0.766254,False
0.185198,0.182029,0.817995,False
0.155285,0.156523,0.760174,False
0.190713,0.192338,0.80282,False
0.151668,0.164034,0.70332,False
0.166184,0.160491,0.809292,False
0.170035,0.177182,0.754791,False
0.155395,0.163875,0.726746,True
0.184726,0.197205,0.752651,False
0.167445,0.175944,0.745379,False
0.169219,0.176196,0.75438,False
0.123696,0.152553,0.572892,True
0.138691,0.160593,0.637578,True
0.142344,0.166105,0.638416,True
0.199879,0.186617,0.876547,False
0.133943,0.163874,0.59584,True
0.182445,0.177715,0.822356,True
0.14893,0.162166,0.694532,False
0.166308,0.175434,0.741064,False
0.162368,0.161069,0.782695,False
0.164848,0.176663,0.727643,False
0.184228,0.17951,0.824064,False
0.150913,0.163639,0.700403,False
0.152824,0.170705,0.682602,False
0.146158,0.152372,0.720985,True
0.16833,0.162224,0.813875,False
0.175002,0.172458,0.804262,False
0.141827,0.15432,0.683823,False
0.16866,0.1693,0.781811,True
0.158643,0.161897,0.755687,False
0.174767,0.177627,0.77954,False
0.169384,0.173404,0.767479,False
0.166677,0.188531,0.691545,False
0.164194,0.165592,0.772345,False
0.16653,0.168221,0.774161,False
0.167006,0.177439,0.736624,False
0.174448,0.170101,0.812151,False
0.144273,0.159414,0.677311,False
0.161929,0.187529,0.669919,False
0.168589,0.176594,0.749113,False
0.165273,0.178731,0.721607,True
0.158586,0.156193,0.782919,True
0.190231,0.182889,0.841663,False
0.178216,0.182516,0.777553,False
0.161567,0.177242,0.706759,False
0.159878,0.173408,0.712644,False
0.164412,0.169457,0.756018,False
0.162289,0.18677,0.674567,True
0.184605,0.184194,0.805158,False
0.175669,0.180676,0.771377,False
0.189732,0.190186,0.806748,False
0.162837,0.170833,0.740709,False
0.157342,0.160458,0.75435,False
0.152749,0.160287,0.726501,False
0.187031,0.177542,0.848989,False
0.137421,0.163347,0.619056,True
0.175247,0.184801,0.751876,False
0.155138,0.164035,0.724469,False
0.180359,0.195766,0.735873,False
0.178706,0.181538,0.78444,True
0.172716,0.16831,0.810506,False
0.1673,0.163815,0.799678,False
0.156292,0.17202,0.697544,False
0.190076,0.19563,0.786053,False
0.156209,0.163795,0.732066,False
0.173866,0.183803,0.748445,False
0.160526,0.156539,0.793579,False
0.14976,0.157018,0.72259,False
0.173085,0.162776,0.840326,False
0.131842,0.162373,0.588408,True
0.200887,0.194213,0.847457,False
0.175737,0.182956,0.762135,False
0.141352,0.157442,0.667246,False
0.144886,0.15853,0.684957,False
0.17393,0.171334,0.803286,False
0.189886,0.200642,0.765472,False
0.160815,0.162076,0.76825,False
0.1852,0.196864,0.756358,False
0.148769,0.165392,0.680011,True
0.174018,0.171902,0.801144,False
0.15511,0.170257,0.697829,False
0.161434,0.169588,0.737869,False
0.18478,0.181403,0.818507,False
0.176955,0.186398,0.754597,False
0.188875,0.180843,0.843688,False
0.142208,0.169512,0.624782,False
0.194829,0.183959,0.861763,False
0.169538,0.178976,0.744445,False
0.141911,0.170003,0.62123,False
0.158158,0.175589,0.693996,True
0.154682,0.172361,0.686827,True
0.179837,0.175669,0.817088,False
0.194996,0.180346,0.879952,False
0.167513,0.180236,0.728006,False
0.166678,0.176835,0.737288,False
0.192625,0.188402,0.829743,False
0.153258,0.168349,0.694739,False
0.143747,0.166999,0.643403,False
0.177698,0.177943,0.794625,False
0.156028,0.17586,0.680813,True
0.151895,0.16181,0.714387,False
0.173783,0.175558,0.78312,False
0.154085,0.162108,0.726588,False
0.15999,0.173122,0.714464,True
0.140069,0.167659,0.618929,True
0.165679,0.172434,0.750307,False
0.152694,0.167825,0.69354,False
0.165715,0.18039,0.717418,False
0.180062,0.18214,0.789298,False
0.156149,0.171519,0.698752,False
0.174602,0.171634,0.805796,False
0.142365,0.160262,0.661824,False
0.163613,0.181494,0.701471,True
0.174219,0.16881,0.817005,False
0.179196,0.183055,0.780621,True
0.158144,0.18408,0.661906,False
0.168827,0.163605,0.810042,False
0.145469,0.179989,0.606531,False
0.169102,0.174666,0.760322,True
0.146883,0.166608,0.66373,False
0.129944,0.171385,0.546395,True
0.165505,0.169556,0.762022,False
0.161011,0.17084,0.729984,False
0.171098,0.175791,0.766809,False
0.158445,0.177561,0.687904,False
0.161955,0.163461,0.768715,False
0.177719,0.166813,0.847768,False
0.152974,0.170962,0.682456,False
0.143411,0.163365,0.655659,True
0.177609,0.188597,0.749264,False
0.163286,0.169194,0.750532,False
0.175072,0.178206,0.778714,False
0.175343,0.179099,0.776347,False
0.14896,0.16515,0.682167,False
0.159276,0.174411,0.705094,True
0.142597,0.158764,0.669526,False
0.169965,0.171999,0.77713,True
0.181151,0.173848,0.833207,False
0.172954,0.170131,0.803226,False
0.149184,0.163818,0.689079,False
0.191571,0.188564,0.823437,False
0.131203,0.162854,0.582748,False
0.19008,0.176077,0.87337,False
0.152559,0.178546,0.651144,False
0.164543,0.178695,0.717664,True
0.157777,0.180914,0.671464,True
0.166932,0.175896,0.742665,False
0.152235,0.156023,0.743062,False
0.148094,0.178094,0.627727,False
0.137023,0.16589,0.607169,False
0.173205,0.175295,0.780995,False
0.144171,0.169829,0.635175,False
0.16207,0.163609,0.768725,False
0.166165,0.1863,0.697074,False
0.15513,0.156634,0.758646,False
0.186565,0.190633,0.788241,False
0.137544,0.15553,0.650961,False
0.148651,0.165139,0.680343,False
0.205873,0.20193,0.839762,False
0.166731,0.182598,0.714305,False
0.14594,0.15367,0.713475,False
0.172599,0.173943,0.783584,False
0.141833,0.154391,0.683544,False
0.164549,0.168981,0.758958,False
0.162648,0.159909,0.790125,False
0.179197,0.178899,0.798759,False
0.16009,0.168642,0.734038,False
0.153821,0.167625,0.701095,False
0.139747,0.153448,0.674149,True
0.188342,0.186539,0.815068,False
0.153756,0.163464,0.718541,False
0.176166,0.195637,0.714925,True
0.144662,0.16417,0.660061,False
0.164545,0.175424,0.73106,False
0.168762,0.181882,0.728285,False
0.174223,0.170619,0.808373,False
0.145769,0.161846,0.676376,True
0.153324,0.173369,0.674999,False
0.170092,0.188465,0.709907,True
0.174521,0.165022,0.837593,False
0.178292,0.180239,0.787798,False
0.166149,0.169045,0.76813,True
0.163188,0.173049,0.733248,False
0.195634,0.193571,0.823129,False
0.155922,0.163693,0.730768,False
0.169392,0.173948,0.765128,False
0.155697,0.170035,0.702188,True
0.169239,0.18239,0.728869,False
0.18093,0.178366,0.810864,False
0.185007,0.189314,0.785504,False
0.162436,0.17602,0.716602,False
0.191445,0.185341,0.837081,False
0.164723,0.166212,0.772642,False
0.157119,0.166181,0.727034,False
0.18328,0.183683,0.800181,False
0.172936,0.182536,0.748545,False
0.195491,0.193145,0.824205,False
0.158451,0.168441,0.725188,False
0.156513,0.161456,0.744556,True
0.159805,0.166119,0.74347,False
0.17258,0.178128,0.765069,False
0.168885,0.172228,0.76982,False
0.159765,0.181921,0.678673,True
0.171261,0.18344,0.735722,False
0.176429,0.184605,0.75907,False
0.172771,0.183779,0.742582,True
0.15169,0.177555,0.64988,False
0.134037,0.158089,0.61824,False
0.173633,0.194136,0.707408,False
0.165001,0.191048,0.67366,True
0.153584,0.16971,0.691084,False
0.174635,0.179124,0.772283,False
0.161095,0.178406,0.699497,False
0.169267,0.174188,0.763353,False
0.145991,0.153618,0.714046,False
0.196218,0.196153,0.815271,False
0.177492,0.174578,0.808759,True
0.182854,0.195658,0.749031,True
0.160811,0.168627,0.738381,True
0.167723,0.180591,0.727736,False
0.17721,0.181219,0.777571,False
0.159792,0.173476,0.711866,False
0.15654,0.172305,0.697833,True
0.174659,0.171371,0.807369,False
0.165822,0.163614,0.79163,False
0.187689,0.185054,0.818081,False
0.174713,0.17548,0.788767,False
0.186083,0.190827,0.784915,False
0.158494,0.166638,0.733289,True
0.16571,0.179009,0.722925,False
0.182871,0.18053,0.811896,False
0.163236,0.175691,0.722495,True
0.148773,0.181228,0.62062,True
0.175105,0.176812,0.785041,False
0.157875,0.165363,0.735197,False
0.171038,0.169292,0.795891,False
0.154002,0.173147,0.679782,True
0.138461,0.15859,0.644184,False
0.150656,0.170714,0.66987,True
0.144006,0.149899,0.718522,False
0.156173,0.174337,0.687592,False
0.170227,0.173371,0.772486,False
0.155465,0.168413,0.707575,True
0.155214,0.169692,0.700767,False
0.159607,0.164147,0.751201,False
0.165612,0.16328,0.791964,True
0.198946,0.188756,0.861677,False
0.18143,0.183019,0.792975,False
0.18958,0.181937,0.84249,False
0.151024,0.164241,0.698511,True
0.18174,0.196109,0.741628,False
0.143833,0.155516,0.691459,True
0.182021,0.191289,0.761789,False
0.177079,0.18102,0.7777,False
0.191359,0.179785,0.86247,False
0.180239,0.176709,0.814552,False
0.137568,0.156887,0.645482,True
0.165946,0.175305,0.739547,False
0.155095,0.16047,0.740298,True
0.177196,0.194734,0.723528,False
0.137605,0.155388,0.651952,False
0.152742,0.158898,0.73281,False
0.160474,0.180044,0.689686,False
0.180033,0.18435,0.779673,False
0.14867,0.164721,0.682185,False
0.158226,0.19448,0.626935,False
0.154062,0.175007,0.672898,False
0.142706,0.157652,0.674942,True
0.162437,0.179748,0.701744,False
0.144943,0.162507,0.668543,True
0.169085,0.184136,0.721126,False
0.144501,0.166996,0.647927,False
0.19037,0.177678,0.867134,False
0.184249,0.176327,0.83906,False
0.18412,0.180334,0.819704,False
0.160242,0.163557,0.757793,False
0.159923,0.178054,0.6943,False
0.208311,0.198048,0.86853,False
0.167151,0.165701,0.789684,False
0.153955,0.162016,0.726192,False
0.144454,0.167507,0.645669,False
0.136684,0.165284,0.607343,False
0.151831,0.165321,0.69883,False
0.180971,0.177235,0.816268,False
0.166645,0.171111,0.761756,False
0.143908,0.167458,0.642595,False
0.20229,0.190757,0.870167,False
0.162825,0.177574,0.712521,False
0.160424,0.171287,0.724657,False
0.168819,0.177361,0.74717,True
0.171211,0.177828,0.758658,False
0.172957,0.16656,0.820466,False
0.144093,0.158936,0.678216,True
0.175091,0.191526,0.724658,False
0.165152,0.176441,0.730285,False
0.166817,0.166237,0.785127,False
0.160092,0.18746,0.660369,False
0.18612,0.183734,0.815417,False
0.159687,0.163479,0.754756,False
0.187249,0.191225,0.789379,False
0.158824,0.158765,0.771731,False
0.164983,0.197059,0.653017,True
0.172933,0.17193,0.794701,False
0.141192,0.153431,0.683645,True
0.170188,0.164558,0.813623,False
0.169546,0.185233,0.71934,True
0.144771,0.172809,0.627693,False
0.183267,0.19172,0.76657,False
0.161506,0.174726,0.716587,True
0.164461,0.17899,0.716023,False
0.165894,0.169143,0.766182,True
0.166738,0.185579,0.70287,True
0.142101,0.160471,0.659314,False
0.155661,0.172498,0.691954,True
0.183998,0.176748,0.835639,False
0.136417,0.164216,0.609668,False
0.18048,0.192767,0.747951,False
0.194224,0.181985,0.867786,False
0.176643,0.175369,0.800275,False
0.166758,0.178244,0.731906,False
0.172172,0.180496,0.752772,False
0.149722,0.159921,0.70924,True
0.162136,0.183512,0.685712,False
0.158146,0.173271,0.703211,True
0.167485,0.166939,0.785827,False
0.167562,0.175468,0.748067,True
0.143375,0.162023,0.660867,False
0.168872,0.181566,0.730158,False
0.18427,0.183032,0.808436,False
0.162578,0.172931,0.730218,False
0.164407,0.18289,0.700458,False
0.158028,0.172367,0.706212,False
0.163001,0.175416,0.722287,False
0.141151,0.155177,0.675687,False
0.176118,0.182417,0.766476,False
0.149874,0.169036,0.671894,False
0.17731,0.182592,0.772268,False
0.162563,0.179429,0.703694,False
0.158566,0.173261,0.705675,False
0.16765,0.171484,0.765963,False
0.149051,0.162445,0.694087,False
0.145213,0.165244,0.659101,False
0.157191,0.181756,0.665126,False
0.173161,0.18888,0.724595,False
0.189701,0.1856,0.826514,False
0.149668,0.177969,0.637008,True
0.158648,0.190434,0.64247,False
0.167735,0.184299,0.713158,False
0.165862,0.173735,0.745747,False
0.191379,0.199021,0.779209,False
0.169138,0.179544,0.739862,False
0.182913,0.182879,0.801696,False
0.192763,0.20128,0.777341,False
0.165536,0.172341,0.749887,False
0.162361,0.16888,0.746454,False
0.167397,0.179478,0.730436,True
0.172513,0.174588,0.780202,False
0.162415,0.17395,0.725005,False
0.173485,0.168334,0.814957,False
0.155489,0.166858,0.714312,False
0.171529,0.177585,0.76149,False
0.157373,0.162713,0.744091,False
0.143189,0.162221,0.658909,False
0.16325,0.172736,0.734938,False
0.16526,0.167492,0.769949,False
0.201446,0.199637,0.827229,False
0.176187,0.176018,0.794731,True
0.179072,0.182294,0.783197,False
0.145995,0.15795,0.694488,False
0.160486,0.169685,0.731863,True
0.193408,0.197835,0.794137,False
0.166924,0.177397,0.736337,False
0.164082,0.169987,0.751716,False
0.19532,0.190344,0.835435,False
0.175232,0.17277,0.804141,True
0.138215,0.151298,0.673603,True
0.169394,0.180678,0.736634,False
0.145258,0.166398,0.654803,False
0.159722,0.16572,0.744763,True
0.154057,0.158752,0.741766,True
0.15109,0.167585,0.684969,False
0.157025,0.16411,0.735633,False
0.152202,0.172875,0.670437,False
0.156493,0.171883,0.699273,True
0.156763,0.185273,0.650192,False
0.184725,0.183548,0.808646,False
0.154406,0.166161,0.710793,False
0.158365,0.166404,0.733542,False
0.165408,0.15977,0.80809,False
0.148097,0.15758,0.709462,False
0.150918,0.168412,0.680583,False
0.178046,0.1796,0.789233,False
0.16859,0.178938,0.739304,False
0.151621,0.18115,0.636606,True
0.1556,0.16326,0.730737,False
0.158979,0.16487,0.744098,False
0.14967,0.158977,0.71312,True
0.146566,0.157425,0.700437,False
0.194689,0.203817,0.777116,False
0.143558,0.169799,0.631677,False
0.157679,0.166713,0.728071,False
0.163041,0.166772,0.759962,False
0.177436,0.181017,0.779682,False
0.158249,0.167742,0.727003,False
0.151985,0.165271,0.699973,True
0.178493,0.188554,0.754122,False
0.18951,0.186837,0.820018,True
0.164326,0.189103,0.677017,False
0.153359,0.169756,0.689576,True
0.193852,0.192012,0.820534,False
0.159155,0.164716,0.745857,False
0.159819,0.175694,0.703038,False
0.168809,0.177112,0.748163,False
0.186672,0.183053,0.821467,True
0.165261,0.178519,0.722396,False
0.165485,0.178703,0.722905,False
0.168529,0.170491,0.775578,False
0.156895,0.172075,0.700827,False
0.150019,0.169057,0.672667,True
0.151587,0.16728,0.689188,False
0.17828,0.164597,0.86259,False
0.184074,0.181498,0.81419,False
0.17079,0.173862,0.773543,False
0.167978,0.172015,0.7655,False
0.147672,0.163784,0.679992,False
0.143146,0.16767,0.637238,True
0.182006,0.187425,0.777406,False
0.151585,0.158333,0.728114,True
0.176954,0.185953,0.756394,False
0.152429,0.16249,0.71468,False
0.175462,0.171608,0.810932,False
0.160876,0.162731,0.76553,False
0.150169,0.16456,0.69196,False
0.169345,0.179192,0.742474,False
0.164671,0.175992,0.729413,False
0.169875,0.16746,0.797653,True
0.140187,0.147633,0.703688,False
0.167784,0.177799,0.739509,False
0.171031,0.169437,0.795164,False
0.2042,0.188951,0.888591,False
0.172175,0.182944,0.742716,False
0.17597,0.174834,0.79887,False
0.170606,0.182233,0.737001,False
0.168128,0.165133,0.798318,False
0.166137,0.1781,0.729015,False
0.186413,0.187271,0.801582,False
0.164173,0.182095,0.702232,True
0.196864,0.196227,0.818256,False
0.166596,0.17174,0.758684,False
0.162009,0.162772,0.772304,True
0.162321,0.15551,0.810376,False
0.152023,0.162182,0.713539,True
0.168648,0.164856,0.80281,False
0.161372,0.178183,0.701932,False
0.207201,0.208995,0.81773,False
0.156414,0.162572,0.738834,True
0.167206,0.17728,0.73841,True
0.203847,0.190016,0.881755,False
0.162911,0.154808,0.817856,False
0.163273,0.179987,0.705458,False
0.180698,0.172295,0.838089,False
0.155776,0.165789,0.72065,False
0.196188,0.196422,0.814002,False
0.157735,0.180614,0.672343,False
0.132456,0.164509,0.584505,True
0.174453,0.176393,0.783208,True
0.15147,0.174209,0.661104,True
0.158569,0.166001,0.736556,False
0.14815,0.163362,0.684674,False
0.176686,0.180316,0.778553,False
0.17947,0.171675,0.833957,False
0.192325,0.182279,0.85597,False
0.174013,0.186208,0.739566,False
0.148533,0.150484,0.745814,True
0.1729,0.178179,0.766644,False
0.141262,0.164176,0.639328,True
0.174119,0.170835,0.806738,True
0.168591,0.164349,0.804938,False
0.156725,0.170391,0.70676,False
0.174798,0.182731,0.757931,False
0.190033,0.185266,0.829794,False
0.179818,0.164718,0.871298,False
0.168395,0.169194,0.780728,True
0.158729,0.174386,0.702058,False
0.164725,0.17378,0.739011,False
0.162017,0.169885,0.740012,False
0.148316,0.162513,0.689275,True
0.177149,0.171083,0.823277,False
0.164344,0.170787,0.74973,False
0.169051,0.175456,0.756609,False
0.17661,0.171173,0.819698,False
0.19463,0.192768,0.821348,False
0.169341,0.166116,0.800896,True
0.203811,0.184962,0.90565,False
0.156704,0.175397,0.686469,False
0.182131,0.187181,0.779087,False
0.176831,0.17619,0.797611,False
0.181631,0.172456,0.842718,False
0.179734,0.174987,0.819685,False
0.1893,0.177862,0.86022,False
0.166322,0.174888,0.743458,False
0.163149,0.173943,0.729253,False
0.150323,0.167386,0.681197,True
0.166107,0.181331,0.715859,False
0.149585,0.159055,0.712237,False
0.179727,0.176235,0.813842,False
0.170556,0.174909,0.767576,False
0.161832,0.16669,0.753088,False
0.166743,0.181662,0.718056,True
0.152842,0.177913,0.655051,False
0.171155,0.16648,0.810036,True
0.181033,0.177702,0.814471,False
0.17468,0.172091,0.804111,False
0.149383,0.161416,0.700565,False
0.141074,0.156139,0.671028,True
0.189802,0.173698,0.88373,False
0.155398,0.180914,0.658314,False
0.147384,0.168035,0.661077,False
0.172617,0.171584,0.794461,True
0.185571,0.186981,0.798319,True
0.118653,0.160611,0.512749,False
0.160265,0.172838,0.717235,False
0.173738,0.170298,0.807045,False
0.165799,0.191665,0.675656,False
0.167111,0.172235,0.759493,False
0.152654,0.175985,0.661155,False
0.175635,0.17181,0.81098,False
0.149563,0.162748,0.69594,True
0.153427,0.168126,0.696666,False
0.184477,0.191358,0.774345,False
0.166791,0.166964,0.781551,False
0.173159,0.174877,0.782605,False
0.188703,0.178882,0.851974,True
0.180812,0.174261,0.829287,False
0.142867,0.152463,0.698966,False
0.184568,0.19385,0.764857,False
0.183171,0.180153,0.815259,False
0.169583,0.166937,0.798404,False
0.179696,0.173841,0.824867,False
0.149602,0.156399,0.724439,False
0.161445,0.169297,0.7392,False
0.169266,0.181355,0.733179,False
0.186495,0.181617,0.826991,False
0.159567,0.183035,0.67346,False
0.158429,0.167233,0.730291,False
0.183682,0.185659,0.793831,False
0.143893,0.169409,0.635109,True
0.194729,0.187944,0.842959,False
0.138762,0.160476,0.638484,False
0.177193,0.175522,0.80271,False
0.186131,0.184363,0.812698,False
0.140288,0.161676,0.643185,False
0.189483,0.190217,0.805309,False
0.143037,0.170992,0.62422,True
0.170473,0.172789,0.776515,False
0.168704,0.177329,0.746653,True
0.142506,0.171993,0.617502,True
0.175015,0.188427,0.736175,False
0.189364,0.202815,0.754696,False
0.161215,0.156585,0.797745,False
0.139817,0.161577,0.640668,False
0.165385,0.177418,0.727573,False
0.18091,0.175064,0.826037,False
0.176423,0.182635,0.76723,False
0.172426,0.181728,0.749064,False
0.154995,0.157244,0.754842,False
0.152697,0.173941,0.669174,True
0.162027,0.162175,0.775253,False
0.167914,0.179328,0.733929,False
0.18741,0.18541,0.815004,False
0.16105,0.169629,0.735429,True
0.161759,0.194422,0.645293,False
0.196481,0.180867,0.885629,False
0.173149,0.168086,0.814162,False
0.173505,0.176101,0.779127,False
0.151268,0.170406,0.674671,False
0.18455,0.198421,0.74715,False
0.159685,0.167971,0.734559,False
0.160781,0.180258,0.690571,True
0.151851,0.165169,0.699595,True
0.200745,0.189943,0.865761,False
0.182133,0.174615,0.83517,False
0.193042,0.194968,0.803936,False
0.166818,0.187879,0.694692,False
0.178362,0.176963,0.802774,False
0.169371,0.16486,0.807181,False
0.17713,0.185698,0.758383,False
0.168094,0.17859,0.737971,False
0.173626,0.185617,0.739838,False
0.157118,0.164796,0.733138,False
0.170592,0.186788,0.718953,False
0.143467,0.170305,0.629267,False
0.195512,0.180897,0.880123,False
0.160091,0.177335,0.698063,True
0.149289,0.170306,0.663446,True
0.177266,0.175967,0.801095,False
0.159951,0.174599,0.708203,False
0.149085,0.165955,0.67961,True
0.12946,0.160388,0.580842,True
0.150911,0.159151,0.720139,True
0.167673,0.168763,0.778447,False
0.161791,0.160064,0.784006,False
0.150657,0.177658,0.643692,False
0.205246,0.197591,0.855027,False
0.177065,0.166839,0.843721,False
0.168594,0.174059,0.760054,True
0.147575,0.158517,0.701973,False
0.18031,0.183474,0.784906,False
0.155788,0.175705,0.68005,True
0.157874,0.17214,0.706249,False
0.175989,0.181052,0.771541,False
0.177748,0.180436,0.783919,False
0.174466,0.185225,0.745933,False
0.164129,0.174881,0.730948,False
0.151736,0.177143,0.651654,False
0.194468,0.18043,0.876616,False
0.175706,0.171212,0.81423,False
0.165843,0.173511,0.746601,False
0.161032,0.165723,0.752654,False
0.172113,0.180793,0.751208,False
0.155515,0.160918,0.740842,True
0.185115,0.177461,0.838581,False
0.168528,0.165877,0.797148,False
0.165839,0.17023,0.760968,False
0.161749,0.179879,0.697407,False
0.162008,0.172343,0.729408,True
0.177674,0.170225,0.830512,False
0.167468,0.176131,0.744715,False
0.155142,0.171994,0.69097,False
0.159204,0.170651,0.720207,False
0.157956,0.172912,0.70357,False
0.155403,0.174709,0.68172,False
0.161666,0.167996,0.746242,True
0.204218,0.194876,0.861669,False
0.160432,0.186412,0.665901,False
0.205083,0.207303,0.814187,False
0.167573,0.172371,0.761572,False
0.14332,0.166803,0.641597,False
0.169315,0.172136,0.772734,True
0.153907,0.177129,0.663963,False
0.144327,0.172397,0.626618,True
0.176932,0.178854,0.786297,False
0.167351,0.173833,0.753891,False
0.177245,0.181917,0.774776,False
0.161755,0.17387,0.721544,True
0.159472,0.177752,0.692941,False
0.172363,0.171307,0.794266,False
0.149528,0.157306,0.719795,True
0.169799,0.171703,0.777499,False
0.197351,0.197206,0.816665,False
0.152572,0.164192,0.708146,False
0.158942,0.174056,0.704614,False
0.128485,0.168723,0.546367,False
0.155352,0.168378,0.70705,True
0.172045,0.179828,0.754862,False
0.175712,0.169533,0.822328,False
0.153811,0.170755,0.688184,False
0.14889,0.166975,0.674291,True
0.192045,0.177049,0.879671,False
0.155557,0.147948,0.806074,False
0.166591,0.165413,0.787674,False
0.151126,0.168602,0.681045,False
0.147153,0.164743,0.672885,False
0.147616,0.156252,0.712413,False
0.156287,0.174846,0.686244,True
0.147,0.169601,0.652706,True
0.179559,0.174255,0.822122,False
0.162324,0.180845,0.69686,False
0.170133,0.17191,0.778506,False
0.167402,0.160041,0.819177,False
0.15108,0.177277,0.64746,True
0.153384,0.165294,0.708336,False
0.161023,0.174488,0.714796,True
0.186143,0.196568,0.762295,False
0.153633,0.175264,0.669462,False
0.17881,0.174421,0.817045,False
0.169686,0.19354,0.689191,False
0.165257,0.165384,0.779741,False
0.146705,0.166152,0.664484,True
0.161895,0.167698,0.748935,False
0.181123,0.176915,0.818602,True
0.164488,0.184586,0.694461,False
0.169349,0.172546,0.771093,False
0.171831,0.17588,0.770589,False
0.147406,0.168449,0.659582,False
0.176514,0.189917,0.738291,False
0.180422,0.176441,0.816829,False
0.164071,0.178835,0.714464,True
0.160034,0.165889,0.74588,False
0.168147,0.188796,0.698357,False
0.155572,0.166057,0.718259,False
0.181488,0.178861,0.811734,False
0.162362,0.163805,0.769582,False
0.137909,0.158472,0.641182,False
0.173638,0.175064,0.7845,False
0.158026,0.170432,0.71422,True
0.164507,0.167756,0.764247,False
0.15245,0.174179,0.666841,True
0.185986,0.168619,0.887722,False
0.141845,0.17361,0.607941,True
0.168068,0.171815,0.766918,False
0.194262,0.190549,0.828984,False
0.177477,0.174051,0.811123,False
0.169508,0.177931,0.748653,True
0.13825,0.153602,0.663729,True
0.169155,0.179275,0.741069,False
0.187879,0.195082,0.777001,False
0.16797,0.176793,0.744769,False
0.197532,0.192966,0.835545,False
0.176699,0.188043,0.746632,False
0.158194,0.176207,0.691763,False
0.142424,0.163985,0.647159,True
0.168602,0.175215,0.755083,False
0.162348,0.176731,0.713223,False
0.189354,0.182655,0.83794,False
0.149279,0.164293,0.687666,False
0.172495,0.169365,0.804151,False
0.154814,0.167342,0.708215,False
0.139018,0.162396,0.632514,True
0.183016,0.175805,0.834536,False
0.160453,0.165987,0.747972,False
0.204406,0.195597,0.85945,False
0.158492,0.158001,0.77336,False
0.1718,0.16066,0.843397,False
0.170284,0.169573,0.790128,False
0.171608,0.178127,0.759615,False
0.203719,0.200393,0.835451,False
0.164449,0.17467,0.733663,True
0.157369,0.17853,0.678147,False
0.164693,0.178437,0.71954,False
0.168094,0.193119,0.682452,False
0.180926,0.174606,0.8283,False
0.163391,0.170756,0.744285,False
0.154349,0.170707,0.691528,False
0.136157,0.159071,0.627751,True
0.154613,0.177069,0.668174,False
0.16015,0.173715,0.71295,False
0.128163,0.146831,0.625638,False
0.171457,0.179264,0.753955,False
0.147307,0.164141,0.67629,False
0.187806,0.181711,0.833775,False
0.126264,0.166088,0.541663,True
0.162878,0.176413,0.717511,False
0.181477,0.180577,0.80396,False
0.157308,0.163349,0.740796,False
0.162508,0.165755,0.761413,False
0.139301,0.156637,0.657577,False
0.187605,0.191539,0.789943,False
0.164266,0.171383,0.746668,False
0.175935,0.168856,0.826949,False
0.189648,0.185489,0.82672,False
0.182042,0.179187,0.813352,True
0.158723,0.170873,0.716452,True
0.1737,0.167401,0.820781,False
0.155084,0.170829,0.695339,False
0.140437,0.154454,0.674226,False
0.148958,0.162378,0.693799,True
0.151129,0.166584,0.689317,False
0.157026,0.165296,0.730366,True
0.163222,0.166868,0.760613,False
0.186069,0.183785,0.814913,False
0.178462,0.181596,0.782849,False
0.18923,0.193141,0.791806,False
0.161133,0.170583,0.731801,False
0.170306,0.185033,0.724227,False
0.174072,0.170171,0.80961,True
0.179978,0.170475,0.842806,False
0.152117,0.165077,0.701596,False
0.156422,0.160467,0.748581,False
0.185027,0.185541,0.801586,False
0.164935,0.172052,0.747656,False
0.170491,0.176788,0.759055,False
0.162281,0.167125,0.753815,False
0.159606,0.166465,0.740729,False
0.162458,0.174625,0.72245,False
0.156668,0.171855,0.700406,False
0.163705,0.1692,0.752986,False
0.19252,0.17643,0.885451,False
0.165031,0.176088,0.731061,False
0.147828,0.16766,0.665203,False
0.196509,0.206674,0.77518,False
0.154983,0.168831,0.702967,True
0.141677,0.167706,0.628344,True
0.186963,0.190944,0.789041,False
0.172501,0.188341,0.723164,True
0.182862,0.187913,0.779947,False
0.17701,0.17637,0.797815,False
0.161546,0.176148,0.711028,False
0.145529,0.167995,0.650188,True
0.186207,0.177193,0.846008,False
0.163254,0.17157,0.739956,False
0.191981,0.182449,0.853287,False
0.163466,0.18054,0.704363,False
0.149805,0.1771,0.640912,False
0.151849,0.18098,0.63846,False
0.17196,0.176395,0.769073,False
0.185065,0.170304,0.873523,False
0.151802,0.154387,0.748133,False
0.189817,0.177385,0.865444,False
0.173058,0.176673,0.774072,False
0.164115,0.172447,0.741182,False
0.159983,0.162019,0.763384,False
0.182295,0.173285,0.842515,False
0.152876,0.166574,0.699846,False
0.147734,0.164475,0.677512,True
0.173214,0.189617,0.722056,False
0.180802,0.186585,0.774456,False
0.151775,0.166326,0.694268,False
0.160504,0.180074,0.689738,False
0.179699,0.185444,0.773277,False
0.14955,0.173507,0.652707,False
0.165429,0.179609,0.718946,True
0.172737,0.171607,0.795059,False
0.169267,0.184242,0.721699,False
0.166733,0.173235,0.752924,False
0.129638,0.162937,0.572846,True
0.166165,0.186094,0.697846,False
0.170247,0.171517,0.780955,False
0.132782,0.163768,0.589135,True
0.180788,0.180837,0.798998,False
0.171358,0.189326,0.713363,False
0.161895,0.178642,0.703057,True
0.16321,0.174827,0.725917,False
0.160556,0.179203,0.69338,False
0.168391,0.178752,0.738959,False
0.14959,0.168942,0.670585,False
0.200952,0.190909,0.862467,False
0.169146,0.172035,0.7722,False
0.161331,0.161873,0.772402,False
0.16287,0.166184,0.761624,False
0.169081,0.170069,0.780753,False
0.142209,0.163254,0.648741,True
0.15025,0.156691,0.727228,False
0.141823,0.161503,0.653378,False
0.181643,0.177894,0.817018,False
0.144209,0.168131,0.641815,True
0.184976,0.199091,0.746772,True
0.191293,0.18113,0.855701,False
0.184682,0.177593,0.835517,False
0.176822,0.187937,0.747706,False
0.158148,0.176068,0.692047,True
0.1611,0.160208,0.778987,False
0.162749,0.166537,0.759283,False
0.16273,0.174329,0.725242,False
0.166647,0.160827,0.810479,False
0.198828,0.193511,0.839893,False
0.1844,0.180919,0.8186,False
0.171548,0.165216,0.818611,True
0.161001,0.179497,0.694725,False
0.203543,0.190924,0.87597,False
0.196703,0.186056,0.862122,False
0.181527,0.175434,0.827814,False
0.138122,0.162394,0.627008,False
0.187527,0.186865,0.809287,False
0.17045,0.173345,0.773892,False
0.157047,0.173772,0.694859,False
0.162164,0.168346,0.74765,False
0.169884,0.174682,0.764727,False
0.166402,0.167744,0.775599,False
0.183335,0.18659,0.78801,False
0.177315,0.17645,0.79918,False
0.147363,0.17375,0.639212,True
0.181773,0.187388,0.776323,False
0.156903,0.1567,0.769641,False
0.165069,0.167635,0.768151,False
0.158807,0.161841,0.756957,False
0.152379,0.169385,0.685294,False
0.17809,0.185107,0.76599,False
0.172089,0.174853,0.776586,True
0.155847,0.164224,0.72795,True
0.154224,0.16355,0.721026,False
0.173224,0.180813,0.757264,False
0.177009,0.200292,0.702518,True
0.177206,0.193816,0.727008,False
0.155565,0.17531,0.680308,False
0.156081,0.153031,0.782726,False
0.181222,0.18339,0.790238,False
0.163311,0.164109,0.773947,True
0.19303,0.194951,0.803943,False
0.16263,0.177998,0.70973,True
0.170013,0.174165,0.767735,True
0.161227,0.176558,0.707568,True
0.152382,0.157383,0.737575,True
0.158543,0.176306,0.693355,True
0.159922,0.172523,0.716551,False
0.152513,0.165333,0.702908,False
0.151298,0.16758,0.686227,False
0.172787,0.183392,0.744237,False
0.194575,0.182016,0.869569,False
0.183324,0.189358,0.776432,False
0.175327,0.195737,0.710274,False
0.144579,0.151513,0.714648,False
0.139952,0.156104,0.663995,False
0.159352,0.156817,0.784685,False
0.13922,0.162507,0.633328,False
0.154289,0.168252,0.701265,True
0.151024,0.163244,0.702774,False
0.159703,0.166383,0.741678,False
0.184243,0.178787,0.827481,False
0.151276,0.177073,0.649314,True
0.169064,0.178106,0.745421,True
0.17458,0.16904,0.818031,False
0.178928,0.182547,0.781325,False
0.192281,0.189501,0.823116,False
0.17201,0.183189,0.74082,False
0.16665,0.175742,0.741713,False
0.163294,0.172491,0.736239,False
0.176233,0.187139,0.747751,False
0.165285,0.1727,0.746872,False
0.135541,0.169675,0.584887,True
0.169233,0.178563,0.744461,False
0.172066,0.168578,0.805359,True
0.168035,0.169054,0.779252,False
0.158377,0.167668,0.728088,False
0.191721,0.189987,0.818062,False
0.157994,0.172859,0.704006,False
0.176012,0.173797,0.803881,False
0.14983,0.162345,0.699312,True
0.156126,0.178499,0.671298,True
0.173154,0.174673,0.78349,False
0.184087,0.182422,0.810137,False
0.157258,0.162794,0.743011,True
0.169917,0.165307,0.808297,False
0.169544,0.179035,0.74423,False
0.18717,0.184508,0.81769,False
0.152433,0.15676,0.74083,False
0.180049,0.190599,0.754197,False
0.151827,0.160729,0.718773,True
0.155328,0.173901,0.684457,True
0.149809,0.152842,0.742655,True
0.189801,0.170589,0.899829,False
0.170002,0.183479,0.728705,False
0.180029,0.18411,0.780668,False
0.13597,0.162221,0.614409,False
0.192411,0.188378,0.828712,False
0.139187,0.156869,0.655881,True
0.175853,0.185822,0.751003,False
0.181938,0.177872,0.81878,False
0.171919,0.1714,0.791244,False
0.185193,0.187723,0.79315,True
0.155903,0.173446,0.689571,False
0.191007,0.171054,0.904432,False
0.189413,0.187091,0.818387,False
0.1687,0.171266,0.773066,False
0.167231,0.18071,0.724538,False
0.162735,0.162909,0.776107,False
0.195416,0.184499,0.86242,False
0.158614,0.163094,0.74996,False
0.15644,0.169786,0.707594,False
0.152798,0.167702,0.69467,False
0.159921,0.169273,0.730308,False
0.165127,0.17501,0.736109,True
0.14801,0.155857,0.716743,True
0.143948,0.16341,0.658763,False
0.175061,0.177407,0.782161,False
0.178885,0.18259,0.780905,False
0.165719,0.175352,0.738054,False
0.162008,0.182751,0.687864,False
0.152696,0.170733,0.681746,True
0.150197,0.180337,0.63158,False
0.13754,0.151605,0.667789,False
0.160313,0.175968,0.70475,False
0.139839,0.158202,0.654477,False
0.166087,0.17162,0.756245,False
0.14751,0.173203,0.642079,False
0.141136,0.165092,0.635018,False
0.171123,0.183471,0.734845,False
0.163438,0.171506,0.741303,True
0.160824,0.178157,0.698956,False
0.175032,0.180463,0.768757,False
0.187565,0.204763,0.738733,False
0.153984,0.156043,0.754182,False
0.158148,0.175896,0.692729,False
0.16752,0.182904,0.717424,False
0.175614,0.170115,0.818937,False
0.161253,0.162388,0.769476,False
0.167758,0.170284,0.77199,False
0.173598,0.181557,0.756224,False
0.140883,0.17349,0.60282,True
0.17407,0.168009,0.820013,True
0.158228,0.175037,0.696584,False
0.175121,0.17157,0.809121,False
0.178156,0.180396,0.786358,False
0.183823,0.194917,0.756852,False
0.154541,0.166778,0.708977,False
0.188353,0.174509,0.871319,False
0.17971,0.180799,0.793201,False
0.15902,0.171325,0.716302,False
0.193248,0.195972,0.800871,False
0.163918,0.171156,0.745626,False
0.167633,0.17399,0.754831,True
0.185647,0.180551,0.827172,False
0.135551,0.160071,0.620046,True
0.18626,0.182897,0.819916,False
0.162918,0.166131,0.762156,False
0.166173,0.181464,0.715694,False
0.159978,0.166906,0.741005,True
0.161095,0.181587,0.687243,False
0.157827,0.167972,0.723499,False
0.155597,0.168866,0.706462,False
0.172134,0.176078,0.771439,True
0.193398,0.179908,0.873209,False
0.156883,0.165377,0.729137,True
0.150789,0.157947,0.72486,False
0.184096,0.176173,0.838928,False
0.148468,0.162733,0.689276,False
0.15999,0.173823,0.711587,False
0.166819,0.178961,0.729314,False
0.188507,0.197017,0.772555,False
0.159153,0.175634,0.699483,False
0.160644,0.168412,0.738333,False
0.160808,0.163058,0.763581,True
0.158447,0.167972,0.727187,False
0.1536,0.167236,0.701402,False
0.144491,0.153415,0.705217,True
0.141791,0.152279,0.69275,False
0.171687,0.177777,0.761556,False
0.202339,0.185765,0.893812,False
0.173566,0.164471,0.834591,False
0.182811,0.191183,0.766343,False
0.194832,0.189047,0.838586,False
0.166213,0.172819,0.75173,True
0.169604,0.174879,0.762265,False
0.16735,0.161591,0.811001,True
0.154992,0.170415,0.696492,True
0.163444,0.165492,0.768279,False
0.161569,0.161613,0.775117,False
0.162221,0.173891,0.724139,False
0.167577,0.16975,0.773353,False
0.171682,0.175496,0.771422,False
0.147794,0.153657,0.725604,True
0.166469,0.16481,0.78981,False
0.188395,0.184043,0.826408,False
0.161714,0.180465,0.694949,False
0.15127,0.168944,0.680522,True
0.139902,0.16119,0.642733,True
0.168721,0.165092,0.802104,False
0.144298,0.161777,0.667572,False
0.17548,0.196526,0.708201,False
0.194627,0.183658,0.862074,False
0.152805,0.168215,0.692597,True
0.173026,0.177588,0.769907,False
0.172574,0.181314,0.751594,False
0.167516,0.177089,0.740963,False
0.14424,0.16898,0.638775,False
0.162474,0.171753,0.734626,False
0.179346,0.183957,0.777605,False
0.157246,0.183353,0.659635,False
0.193196,0.183261,0.856137,False
0.176664,0.172864,0.81199,True
0.137959,0.163441,0.621993,False
0.163166,0.166221,0.763237,False
0.161053,0.165548,0.753577,True
0.144351,0.151461,0.713395,False
0.156358,0.168944,0.710641,False
0.134985,0.148251,0.665661,False
0.169785,0.178212,0.749027,False
0.178108,0.174622,0.812087,False
0.14375,0.163061,0.658956,False
0.193628,0.190527,0.825751,False
0.202313,0.202837,0.818456,False
0.166821,0.181264,0.72006,False
0.172282,0.168453,0.807242,False
0.170021,0.16676,0.801877,True
0.184045,0.183451,0.805365,False
0.166553,0.180474,0.72173,False
0.179618,0.179329,0.799189,False
0.185039,0.182861,0.813398,False
0.161285,0.171357,0.729382,False
0.132067,0.172484,0.555223,True
0.163912,0.173014,0.737582,False
0.159633,0.161433,0.763988,False
0.165507,0.175891,0.734588,False
0.200018,0.19409,0.84352,False
0.178854,0.172018,0.828712,False
0.177436,0.18058,0.781574,False
0.191195,0.187491,0.826146,False
0.169782,0.17843,0.748091,False
0.156713,0.168658,0.713946,False
0.184899,0.173908,0.854468,False
0.174321,0.173457,0.795711,True
0.158446,0.16578,0.736798,False
0.20154,0.195129,0.846822,False
0.177881,0.180073,0.786243,False
0.178423,0.181461,0.783215,False
0.148913,0.16838,0.668803,False
0.175306,0.180807,0.76881,False
0.167965,0.173012,0.761016,False
0.16101,0.173975,0.716825,True
0.17544,0.185952,0.748256,False
0.17849,0.181568,0.783119,False
0.145174,0.156069,0.697601,False
0.158325,0.177069,0.689141,False
0.15381,0.163194,0.720066,True
0.167589,0.185551,0.70756,False
0.156598,0.158229,0.76028,False
0.154859,0.175189,0.676746,False
0.153151,0.156586,0.746242,True
0.158128,0.160733,0.757951,True
0.144019,0.156685,0.687491,False
0.150742,0.159522,0.717406,False
0.180816,0.185229,0.780202,True
0.145658,0.157242,0.695476,True
0.156756,0.166915,0.721664,False
0.135229,0.154217,0.641492,False
0.177094,0.170458,0.825974,False
0.169936,0.180888,0.738777,False
0.164214,0.185003,0.691419,False
0.158225,0.163919,0.743816,False
0.176214,0.184914,0.756646,False
0.174291,0.169435,0.814416,False
0.156375,0.164307,0.7308,False
0.19761,0.18232,0.884766,False
0.164,0.167084,0.764286,True
0.157304,0.182891,0.661618,False
0.178281,0.175626,0.808429,False
0.183427,0.184621,0.796915,False
0.151185,0.164483,0.698462,False
0.182033,0.179528,0.811753,False
0.184509,0.180035,0.823224,False
0.144054,0.162311,0.663875,True
0.173532,0.179779,0.763338,False
0.164898,0.165105,0.778883,False
0.161757,0.168695,0.743692,False
0.19931,0.197031,0.827331,False
0.146221,0.167434,0.656506,False
0.144575,0.159548,0.678639,True
0.166079,0.172081,0.754176,False
0.177929,0.180793,0.783381,False
0.153373,0.163111,0.71775,False
0.156081,0.159862,0.749275,False
0.160147,0.164562,0.752587,False
0.147306,0.165935,0.668969,True
0.167405,0.187438,0.69946,False
0.170672,0.182532,0.736156,False
0.165122,0.159181,0.80928,False
0.188637,0.185287,0.82217,True
0.161073,0.162377,0.768417,False
0.157714,0.171605,0.70752,False
0.120681,0.163083,0.517408,False
0.155705,0.16731,0.713678,False
0.134524,0.170051,0.577613,True
0.16091,0.169684,0.734366,True
0.179827,0.174351,0.823207,False
0.163114,0.191934,0.660718,False
0.186467,0.178236,0.842517,False
0.156637,0.180398,0.667063,False
0.158065,0.164697,0.739326,False
0.148253,0.177143,0.631991,False
0.151713,0.168301,0.685752,False
0.201084,0.19344,0.851861,False
0.147993,0.171139,0.652646,False
0.185997,0.197034,0.759753,False
0.146001,0.167096,0.656515,False
0.161278,0.180193,0.69358,False
0.170652,0.170492,0.788024,False
0.181997,0.180547,0.806973,False
0.150268,0.159088,0.71638,True
0.16951,0.190745,0.698369,False
0.148518,0.169541,0.661893,False
0.157538,0.171314,0.707693,False
0.168971,0.175846,0.754473,False
0.200287,0.185208,0.885421,False
0.172336,0.179501,0.757857,False
0.154841,0.163827,0.723575,False
0.143484,0.169055,0.634016,False
0.155113,0.161335,0.736438,False
0.150911,0.169743,0.675206,True
0.178657,0.180563,0.788404,True
0.198604,0.190198,0.853342,False
0.163955,0.174469,0.731676,False
0.194091,0.184309,0.856122,False
0.151467,0.157963,0.729077,True
0.168088,0.165623,0.795706,False
0.176639,0.181496,0.773234,False
0.161759,0.171284,0.732464,False
0.189008,0.19146,0.797597,False
0.174719,0.180044,0.768811,False
0.192898,0.188995,0.828586,False
0.167208,0.167102,0.7834,False
0.19277,0.199215,0.785436,False
0.179281,0.194746,0.734193,False
0.176795,0.183398,0.766064,True
0.164598,0.17256,0.743497,True
0.186568,0.183225,0.820128,False
0.156342,0.19028,0.630872,False
0.136798,0.149614,0.671718,True
0.151671,0.173378,0.665428,False
0.175404,0.184132,0.75546,False
0.163172,0.184963,0.685932,False
0.156776,0.169738,0.709776,False
0.177235,0.178682,0.788744,False
0.20608,0.200534,0.846639,False
0.174541,0.182131,0.759019,False
0.174205,0.174852,0.788697,False
0.196534,0.190589,0.840732,False
0.187887,0.184902,0.819828,False
0.176393,0.179371,0.781023,False
0.18646,0.192467,0.780187,True
0.156827,0.175324,0.687453,False
0.164822,0.176646,0.727567,False
0.170355,0.169637,0.790247,False
0.180998,0.179108,0.807877,False
0.167289,0.179557,0.729514,False
0.14484,0.160628,0.675724,True
0.193895,0.188654,0.835366,False
0.162333,0.160963,0.782993,False
0.155485,0.168778,0.706165,False
0.148647,0.168033,0.668597,False
0.148731,0.176003,0.638803,False
0.158606,0.170734,0.716355,False
0.130519,0.16155,0.583216,False
0.148973,0.169788,0.663606,False
0.167946,0.176181,0.747222,False
0.174788,0.179929,0.769683,True
0.149452,0.171135,0.661188,False
0.169643,0.177556,0.75099,False
0.165966,0.182143,0.71189,False
0.155598,0.163268,0.730686,True
0.155383,0.159405,0.747045,True
0.173087,0.170436,0.80257,False
0.160367,0.176848,0.701545,False
0.154703,0.156321,0.757432,False
0.142329,0.174704,0.606903,True
0.137533,0.164721,0.614571,False
0.173943,0.180175,0.763939,True
0.188742,0.191771,0.794917,False
0.144885,0.162426,0.668517,True
0.144007,0.16506,0.652533,True
0.171355,0.170028,0.794314,False
0.160931,0.169463,0.735449,False
0.164409,0.179273,0.714604,False
0.159384,0.17373,0.708477,False
0.160935,0.176366,0.706687,False
0.145376,0.161077,0.677166,False
0.19082,0.179528,0.860703,False
0.159295,0.175632,0.700303,False
0.169399,0.176348,0.754749,True
0.154426,0.176438,0.669504,False
0.173568,0.183605,0.747625,False
0.186269,0.180654,0.830149,False
0.135561,0.166189,0.597278,True
0.142799,0.161185,0.660723,False
0.134012,0.147633,0.661859,True
0.166556,0.188116,0.692424,False
0.181654,0.187495,0.775242,False
0.170161,0.166044,0.806182,False
0.164906,0.168384,0.763764,False
0.166195,0.185613,0.699815,True
0.153018,0.165177,0.706621,True
0.167389,0.171013,0.766545,False
0.148422,0.170229,0.658653,False
0.143985,0.164389,0.655065,False
0.154284,0.166866,0.707056,True
0.15835,0.170951,0.713951,False
0.161705,0.17417,0.720017,False
0.170663,0.169583,0.792313,False
0.174726,0.17261,0.801956,False
0.152918,0.180081,0.647585,True
0.177881,0.190205,0.744358,False
0.137392,0.149409,0.676615,False
0.150914,0.168554,0.679982,False
0.202645,0.175753,0.94647,False
0.15814,0.168315,0.723881,False
0.177106,0.187151,0.752367,False
0.167454,0.159701,0.821249,False
0.185651,0.187151,0.798027,False
0.18648,0.174241,0.861912,False
0.147007,0.17108,0.647105,True
0.133164,0.160971,0.601749,False
0.139153,0.147099,0.699207,False
0.169091,0.182597,0.727233,False
0.145385,0.162305,0.672101,True
0.158048,0.172201,0.707011,True
0.149015,0.164305,0.686011,False
0.149276,0.16424,0.687874,True
0.127543,0.161637,0.564496,True
0.176035,0.170615,0.819012,False
0.180343,0.186535,0.772203,True
0.124422,0.155328,0.567328,False
0.150176,0.168263,0.676772,False
0.172865,0.181129,0.753964,False
0.170603,0.180607,0.743621,False
0.169583,0.173384,0.768715,False
0.132058,0.146582,0.653272,True
0.160252,0.159764,0.775846,False
0.176203,0.175965,0.795062,False
0.160343,0.177819,0.697579,False
0.168616,0.164947,0.802177,False
0.150412,0.175508,0.650182,True
0.161608,0.164159,0.763331,False
0.176463,0.167055,0.839023,False
0.175036,0.182362,0.760772,False
0.171891,0.170476,0.795366,False
0.190839,0.195801,0.789266,True
0.178623,0.182278,0.780799,False
0.164397,0.169568,0.755429,False
0.158514,0.173637,0.703848,False
0.154053,0.168232,0.699946,False
0.169456,0.18905,0.704343,False
0.213892,0.197053,0.90124,False
0.167487,0.165743,0.791505,False
0.168879,0.173081,0.765992,False
0.15744,0.157934,0.767031,False
0.159258,0.164372,0.748047,False
0.157919,0.171432,0.70943,False
0.17676,0.176271,0.796838,False
0.189698,0.172288,0.890358,False
0.158021,0.172789,0.704449,False
0.14655,0.16461,0.669767,True
0.178849,0.178017,0.800764,False
0.149405,0.168123,0.672755,False
0.167796,0.178398,0.737092,True
0.179955,0.17528,0.819574,True
0.156003,0.165144,0.724841,True
0.150624,0.165257,0.691793,False
0.173956,0.187324,0.734856,False
0.190707,0.182655,0.845347,False
0.162922,0.15646,0.809292,True
0.167679,0.18134,0.724492,False
0.173921,0.169826,0.810367,False
0.169116,0.169241,0.78477,False
0.176409,0.179456,0.780744,False
0.155598,0.158208,0.754055,False
0.191606,0.203625,0.762705,False
0.174581,0.163811,0.844148,False
0.171737,0.181108,0.747826,False
0.152605,0.166996,0.696451,True
0.160133,0.172552,0.717657,True
0.136092,0.16714,0.597058,True
0.138849,0.157813,0.649815,True
0.159182,0.159068,0.772508,False
0.153469,0.164816,0.710909,False
0.135485,0.158907,0.624171,False
0.168837,0.172869,0.766691,False
0.169292,0.176002,0.75563,False
0.149541,0.161773,0.7,True
0.14,0.165314,0.627292,True
0.179553,0.192847,0.742833,False
0.13864,0.169889,0.602394,True
0.172812,0.176855,0.771884,False
0.17444,0.176096,0.784457,False
0.197984,0.182457,0.886147,False
0.172471,0.165738,0.821605,True
0.200832,0.201085,0.818223,False
0.155884,0.175954,0.67963,False
0.152122,0.168232,0.688469,False
0.160571,0.16573,0.749838,True
0.152526,0.169336,0.68636,True
0.192547,0.194952,0.801463,False
0.161408,0.180508,0.693088,True
0.18953,0.182571,0.83929,False
0.147532,0.162484,0.684575,True
0.178508,0.17825,0.797799,False
0.159878,0.163089,0.757737,False
0.17977,0.196128,0.731511,False
0.160424,0.172756,0.718493,True
0.168193,0.167789,0.786069,False
0.172428,0.189211,0.719449,True
0.168511,0.179351,0.737167,False
0.184873,0.18548,0.801018,False
0.149065,0.169329,0.665951,True
0.195394,0.193263,0.823201,False
0.169739,0.174536,0.764538,False
0.18899,0.181561,0.840987,False
0.16849,0.175345,0.753882,False
0.155824,0.181392,0.658926,False
0.138732,0.161215,0.635377,False
0.138494,0.167471,0.61022,False
0.186878,0.20065,0.75045,False
0.159761,0.170203,0.725377,False
0.167476,0.181467,0.722864,False
0.166491,0.180412,0.721633,False
0.184125,0.177182,0.834313,False
0.189757,0.183849,0.834689,False
0.158334,0.168796,0.722968,False
0.162737,0.166723,0.758363,True
0.164106,0.172707,0.740017,False
0.165699,0.173021,0.747879,False
0.177721,0.167413,0.844746,False
0.154172,0.161575,0.729517,False
0.152318,0.165265,0.702011,False
0.1783,0.171751,0.82678,False
0.147551,0.15909,0.699295,False
0.166847,0.166787,0.782721,False
0.149555,0.159564,0.709778,True
0.147535,0.166958,0.666248,False
0.188661,0.177754,0.857147,False
0.159794,0.174713,0.706836,False
0.152296,0.159881,0.725516,False
0.156194,0.176238,0.680292,False
0.144301,0.152677,0.707381,False
0.167472,0.178399,0.735271,False
0.18221,0.188115,0.775645,False
0.169874,0.175901,0.759371,False
0.159497,0.165885,0.742664,True
0.156822,0.167615,0.719039,True
0.153025,0.167194,0.698143,False
0.163725,0.180723,0.705086,False
0.133503,0.163848,0.59325,True
0.162814,0.160106,0.79019,False
0.193617,0.182001,0.86437,False
0.173914,0.166662,0.825703,False
0.181929,0.184693,0.788493,False
0.14841,0.153416,0.730757,False
0.151836,0.14952,0.772716,False
0.156217,0.165794,0.723289,True
0.188589,0.18174,0.837949,False
0.171404,0.18457,0.731995,True
0.169477,0.178425,0.7464,False
0.147927,0.167532,0.666302,False
0.17157,0.176243,0.767519,False
0.162127,0.162759,0.773088,False
0.153795,0.178458,0.65839,False
0.150539,0.156694,0.729054,False
0.167574,0.167093,0.785631,False
0.148048,0.157643,0.708868,True
0.140781,0.171144,0.610487,False
0.143761,0.168434,0.637998,True
0.140375,0.174906,0.59503,True
0.177638,0.184836,0.764669,False
0.164405,0.177557,0.721488,False
0.186342,0.185663,0.808145,False
0.183172,0.187567,0.783038,False
0.144479,0.155448,0.695916,True
0.158609,0.174452,0.701105,False
0.155713,0.170281,0.70127,False
0.174584,0.179543,0.770199,False
0.17032,0.182744,0.733377,False
0.185027,0.192138,0.774063,False
0.158121,0.173676,0.701429,False
0.167637,0.169649,0.774167,False
0.159255,0.173817,0.707382,False
0.17386,0.17754,0.774811,False
0.18063,0.176615,0.8172,False
0.187457,0.188495,0.801915,False
0.168752,0.184946,0.716167,False
0.163826,0.161603,0.789136,False
0.172233,0.176846,0.768654,False
0.20133,0.184383,0.895041,False
0.188835,0.187914,0.811724,False
0.16321,0.168736,0.752121,False
0.164997,0.178594,0.720616,False
0.156847,0.161016,0.748662,False
0.160162,0.173727,0.712974,True
0.142339,0.176118,0.60209,False
0.154099,0.160807,0.732547,False
0.168501,0.172178,0.767816,False
0.176855,0.185132,0.759216,False
0.156779,0.159759,0.754129,False
0.154989,0.170486,0.696178,False
0.16954,0.163295,0.815945,False
0.167377,0.177386,0.738935,False
0.193396,0.183381,0.856668,False
0.138668,0.173267,0.590814,True
0.135385,0.157416,0.629452,False
0.145736,0.174062,0.62872,True
0.168231,0.190047,0.694206,False
0.192751,0.184614,0.847446,False
0.168927,0.173337,0.765142,False
0.169418,0.17676,0.753099,False
0.157717,0.161655,0.751088,False
0.178366,0.196385,0.723407,False
0.188224,0.179761,0.845147,False
0.14266,0.149435,0.711748,False
0.150556,0.162581,0.702761,True
0.18075,0.183317,0.787978,False
0.146647,0.15928,0.692784,True
0.174254,0.169701,0.812923,False
0.17471,0.168601,0.820929,False
0.177765,0.167834,0.842887,False
0.151444,0.178327,0.64569,False
0.158481,0.162006,0.75418,False
0.161654,0.175101,0.715898,True
0.185312,0.190155,0.783637,False
0.155562,0.17197,0.693505,False
0.148518,0.172945,0.648864,False
0.164384,0.181129,0.707145,False
0.171049,0.175057,0.769743,False
0.148039,0.158221,0.706223,False
0.158538,0.163132,0.749319,False
0.152832,0.166989,0.697839,False
0.164913,0.166207,0.773814,False
0.179245,0.183254,0.780037,False
0.180878,0.18326,0.788922,False
0.17564,0.18046,0.772138,False
0.156879,0.157377,0.766179,False
0.172721,0.186882,0.729986,False
0.151827,0.178011,0.64899,False
0.192922,0.205277,0.76298,False
0.157443,0.162415,0.745885,True
0.164936,0.165909,0.775338,True
0.179656,0.184681,0.776236,True
0.179686,0.184649,0.776535,True
0.165015,0.176269,0.73022,False
0.14575,0.159789,0.684968,False
0.15725,0.16395,0.737727,False
0.156816,0.150745,0.799472,False
0.154569,0.163736,0.722314,False
0.161884,0.170881,0.734922,False
0.195839,0.188229,0.84758,False
0.165518,0.181663,0.711307,False
0.196246,0.184691,0.866019,False
0.152341,0.169362,0.685165,False
0.15065,0.164749,0.694084,False
0.170275,0.178252,0.751608,False
0.17231,0.180507,0.753487,True
0.17281,0.169748,0.804193,True
0.146533,0.159114,0.692789,False
0.154689,0.167726,0.705848,True
0.152331,0.17031,0.681293,False
0.161836,0.174532,0.719272,False
0.180705,0.178267,0.810047,False
0.173401,0.170332,0.804906,False
0.161048,0.181114,0.688782,False
0.174282,0.170987,0.806974,False
0.15846,0.17113,0.713841,False
0.16062,0.164673,0.754952,False
0.155706,0.16505,0.723455,True
0.148025,0.165091,0.676746,True
0.188775,0.180821,0.843237,False
0.147462,0.170983,0.650135,False
0.171597,0.184435,0.733578,False
0.191498,0.196794,0.788631,False
0.175362,0.187688,0.740917,False
0.160839,0.168708,0.738196,False
0.154081,0.17137,0.687291,False
0.149255,0.166038,0.680293,True
0.137454,0.163935,0.617036,False
0.159527,0.175983,0.70022,True
0.195257,0.205632,0.773016,False
0.150998,0.159564,0.718821,False
0.16483,0.168495,0.762813,False
0.18494,0.181241,0.820124,False
0.148526,0.164783,0.681054,False
0.170516,0.167849,0.799626,False
0.164765,0.171108,0.750783,False
0.186967,0.179699,0.838441,False
0.173086,0.161072,0.849221,False
0.175226,0.170971,0.812575,False
0.145375,0.163141,0.668593,True
0.174778,0.175386,0.789561,False
0.15976,0.174571,0.707219,False
0.175448,0.168946,0.823625,False
0.175551,0.188978,0.736864,False
0.183629,0.174027,0.846584,False
0.190191,0.190965,0.805863,False
0.140636,0.166135,0.628019,False
0.161273,0.15865,0.787726,False
0.173212,0.187314,0.730922,False
0.164088,0.171814,0.743757,False
0.147125,0.157512,0.7036,False
0.148829,0.16693,0.674108,False
0.160843,0.171966,0.724229,True
0.204403,0.194533,0.864133,False
0.164477,0.160071,0.800752,False
0.175078,0.180973,0.766843,False
0.171151,0.184793,0.729745,True
0.143764,0.173486,0.619439,True
0.148422,0.15967,0.702212,False
0.157057,0.170007,0.710304,False
0.164288,0.180789,0.707941,False
0.163994,0.175148,0.729064,False
0.155663,0.170118,0.701649,False
0.189955,0.200994,0.764478,False
0.133028,0.160927,0.601066,True
0.147165,0.154395,0.718062,False
0.15087,0.169789,0.67478,False
0.14821,0.15537,0.720281,True
0.180554,0.17152,0.841032,False
0.15859,0.164877,0.741701,False
0.164365,0.188447,0.679583,False
0.186985,0.188028,0.801399,False
0.163484,0.185956,0.683943,False
0.195884,0.184757,0.863753,False
0.194807,0.201272,0.787523,False
0.152114,0.1693,0.684076,False
0.178906,0.174952,0.815113,False
0.187895,0.182988,0.828444,False
0.162336,0.176184,0.715366,False
0.164919,0.168811,0.761913,False
0.186132,0.180983,0.827881,False
0.1929,0.196523,0.796854,False
0.158447,0.178291,0.685098,True
0.164984,0.167142,0.769908,False
0.174562,0.179446,0.770494,False
0.164832,0.173931,0.738986,False
0.156204,0.174273,0.688025,True
0.154579,0.169018,0.699801,False
0.187265,0.182514,0.827142,False
0.14777,0.170338,0.654409,False
0.162928,0.183733,0.689194,False
0.145624,0.158386,0.690238,False
0.146709,0.178031,0.620164,True
0.188974,0.189821,0.804308,False
0.141527,0.163782,0.64248,False
0.16187,0.171797,0.73092,False
0.159843,0.158382,0.780034,False
0.160408,0.170158,0.729369,False
0.161531,0.173133,0.723322,False
0.184213,0.185212,0.798611,False
0.154443,0.17064,0.692351,False
0.155574,0.162955,0.731943,True
0.153373,0.177641,0.659042,False
0.143037,0.165582,0.64462,True
0.18463,0.175635,0.844536,False
0.19382,0.194357,0.810464,False
0.160674,0.173335,0.717533,False
0.169025,0.178454,0.743746,False
0.153406,0.168367,0.695539,False
0.159953,0.169746,0.728458,False
0.172122,0.180306,0.753283,False
0.197309,0.190703,0.844291,False
0.174801,0.189981,0.729024,False
0.165624,0.163,0.793396,False
0.168544,0.170036,0.777745,False
0.181905,0.186103,0.782387,True
0.159941,0.183644,0.673267,True
0.173122,0.181505,0.753822,False
0.15099,0.170715,0.671823,True
0.155153,0.16155,0.735703,False
0.173614,0.172455,0.796234,False
0.150436,0.153009,0.745942,False
0.163568,0.164806,0.77223,False
0.169395,0.179009,0.743511,False
0.124748,0.153097,0.577725,True
0.191497,0.184998,0.83891,False
0.178776,0.185863,0.766565,False
0.150714,0.172405,0.663635,False
0.188188,0.191073,0.794919,False
0.147934,0.165524,0.67443,False
0.172699,0.191969,0.710524,False
0.145416,0.163995,0.665359,True
0.157193,0.1565,0.772482,False
0.143469,0.162439,0.65975,False
0.175219,0.179688,0.773112,False
0.172489,0.177211,0.768517,False
0.144584,0.165205,0.655454,False
0.140438,0.160787,0.647677,True
0.164887,0.170914,0.752348,True
0.180505,0.197771,0.729151,False
0.140798,0.15817,0.660669,True
0.192545,0.192851,0.810186,False
0.171077,0.176078,0.765439,False
0.16531,0.18042,0.715055,False
0.147925,0.162585,0.686562,False
0.167245,0.164755,0.794784,False
0.163786,0.182613,0.698122,False
0.142744,0.168171,0.632949,False
0.130805,0.161494,0.585192,False
0.163044,0.173523,0.730416,False
0.163245,0.184883,0.686623,False
0.144787,0.16555,0.655312,True
0.154668,0.165203,0.716497,True
0.166488,0.158945,0.819075,False
0.155812,0.174682,0.684169,False
0.16878,0.178231,0.743306,False
0.149618,0.163501,0.693075,False
0.180236,0.177837,0.80937,False
0.168046,0.187648,0.70209,True
0.1563,0.16481,0.728114,True
0.162289,0.185183,0.680349,False
0.164096,0.166465,0.767704,False
0.15143,0.159097,0.723652,False
0.170017,0.167232,0.799586,False
0.155345,0.172874,0.688625,False
0.164048,0.173314,0.737087,True
0.184004,0.185926,0.794425,False
0.15591,0.165292,0.723627,True
0.140335,0.155305,0.669873,True
0.177648,0.175622,0.804846,False
0.165513,0.169799,0.760977,False
0.168818,0.172694,0.767355,False
0.145362,0.157808,0.691109,False
0.157765,0.178497,0.680489,False
0.131656,0.15989,0.596385,True
0.161765,0.170947,0.73394,False
0.15298,0.16444,0.70956,False
0.15528,0.164539,0.72311,False
0.173651,0.173585,0.791264,False
0.163163,0.1744,0.727425,False
0.156955,0.170866,0.706141,False
0.169665,0.175331,0.76065,False
0.168408,0.190767,0.692509,False
0.174907,0.185688,0.746452,True
0.154547,0.158664,0.745266,False
0.155058,0.173109,0.686027,False
0.151911,0.162451,0.711668,False
0.176054,0.181943,0.768118,False
0.164346,0.156768,0.816785,False
0.16139,0.168672,0.741617,False
0.160162,0.173507,0.713875,True
0.191892,0.189352,0.821711,False
0.1606,0.166813,0.745146,False
0.179988,0.191457,0.750494,False
0.17352,0.187924,0.730188,False
0.191957,0.182405,0.853359,False
0.155549,0.164003,0.727111,True
0.145541,0.159459,0.685071,False
0.16396,0.179324,0.711895,True
0.170801,0.168975,0.795981,False
0.190016,0.186017,0.826356,False
0.179677,0.181597,0.789535,False
0.177404,0.171801,0.821321,False
0.1833,0.196196,0.749249,False
0.152833,0.160808,0.724669,False
0.146067,0.163801,0.670125,False
0.175435,0.169922,0.818821,True
0.176731,0.181432,0.774012,False
0.144498,0.155218,0.697069,False
0.168433,0.181087,0.729665,False
0.152929,0.165652,0.704056,False
0.160282,0.172513,0.718679,False
0.166292,0.169261,0.767999,False
0.174668,0.166607,0.830507,False
0.182412,0.187132,0.7808,False
0.160736,0.170972,0.727813,True
0.184364,0.182282,0.812281,False
0.157295,0.172455,0.701601,False
0.173448,0.184466,0.743485,False
0.142062,0.168627,0.627197,False
0.179701,0.176165,0.814018,False
0.149594,0.160631,0.705306,False
0.155272,0.163103,0.729432,False
0.158526,0.178674,0.684072,False
0.140073,0.162591,0.638249,True
0.18004,0.18302,0.785376,False
0.204625,0.195774,0.859792,False
0.165099,0.17334,0.743042,False
0.177441,0.196286,0.719061,False
0.167692,0.187691,0.700044,False
0.160624,0.188223,0.660514,False
0.174118,0.169527,0.812956,False
0.149043,0.182252,0.618611,True
0.195196,0.195527,0.812657,False
0.14552,0.159879,0.683141,False
0.17501,0.175837,0.788859,False
0.159637,0.16205,0.761108,False
0.193539,0.187545,0.838409,False
0.163811,0.175463,0.72671,False
0.163363,0.180097,0.705522,False
0.189716,0.178133,0.861243,False
0.173865,0.165062,0.833416,False
0.176079,0.1776,0.787043,False
0.175313,0.188386,0.737913,False
0.200756,0.187858,0.875428,False
0.179329,0.178316,0.802107,False
0.148756,0.164365,0.684185,False
0.167582,0.178138,0.736969,False
0.178534,0.179594,0.791975,False
0.152819,0.160937,0.724006,False
0.204783,0.190074,0.886409,False
0.155255,0.173028,0.687488,False
0.159015,0.167046,0.734617,True
0.172368,0.170221,0.799363,False
0.151937,0.162888,0.709917,True
0.163155,0.188295,0.673702,False
0.160456,0.185709,0.66855,True
0.193595,0.183296,0.858148,False
0.162983,0.169943,0.745443,False
0.138352,0.150988,0.675895,True
0.168563,0.168685,0.784083,False
0.175647,0.181387,0.768231,True
0.154425,0.169688,0.69613,True
0.179626,0.178578,0.802596,False
0.148274,0.173338,0.645987,True
0.159055,0.16386,0.749146,False
0.155647,0.1664,0.71723,False
0.144514,0.165516,0.6538,False
0.157684,0.164693,0.737035,True
0.161645,0.17842,0.702524,True
0.189548,0.190656,0.803794,False
0.14819,0.163215,0.685536,False
0.174685,0.179342,0.771628,True
0.164041,0.176786,0.722575,False
0.162,0.173909,0.722789,False
0.172037,0.179688,0.755401,False
0.170811,0.188452,0.713771,True
0.165901,0.16588,0.781296,False
0.150505,0.175943,0.649102,True
0.182622,0.175634,0.833109,False
0.164438,0.176784,0.724825,True
0.167703,0.176354,0.745109,False
0.16245,0.179439,0.703021,False
0.168711,0.175377,0.755008,False
0.165353,0.163462,0.789495,False
0.156963,0.162887,0.740777,True
0.150287,0.163936,0.695313,False
0.145188,0.171507,0.634889,False
0.144289,0.147571,0.731777,False
0.163184,0.187355,0.677239,False
0.175176,0.177757,0.781267,False
0.169367,0.171404,0.776338,False
0.162187,0.176217,0.714385,True
0.172917,0.174923,0.781009,False
0.172396,0.18512,0.735177,True
0.175524,0.173952,0.800359,False
0.165922,0.19107,0.6784,False
0.150729,0.171633,0.666709,False
0.147217,0.158432,0.700094,False
0.162079,0.1713,0.734263,False
0.164345,0.176199,0.726708,True
0.188563,0.186997,0.814256,False
0.173579,0.172623,0.795255,False
0.175404,0.186849,0.74447,False
0.155705,0.172145,0.693629,False
0.166835,0.171523,0.761032,False
0.143875,0.153483,0.700893,False
0.160746,0.166664,0.746687,False
0.175744,0.182333,0.764778,False
0.19341,0.180259,0.871577,False
0.160162,0.170299,0.727322,False
0.154074,0.166723,0.706402,True
0.145996,0.16654,0.658678,False
0.145066,0.155669,0.698702,False
0.187493,0.185535,0.814904,False
0.190109,0.182929,0.840816,False
0.17113,0.173881,0.775415,False
0.166971,0.173726,0.752172,True
0.146023,0.165705,0.662161,False
0.154851,0.162957,0.727498,False
0.179773,0.177908,0.806447,False
0.198408,0.176253,0.919744,False
0.143632,0.166673,0.643969,True
0.181788,0.19419,0.749203,False
0.16706,0.167209,0.782014,False
0.175509,0.167895,0.829144,False
0.148651,0.166979,0.672849,False
0.16344,0.174606,0.728153,False
0.150557,0.161047,0.709461,False
0.183381,0.181956,0.808334,False
0.180012,0.182751,0.786377,False
0.149518,0.167096,0.677563,True
0.151408,0.179955,0.639651,False
0.151437,0.167512,0.687332,False
0.156443,0.178503,0.673058,True
0.159439,0.176596,0.697293,False
0.164844,0.170597,0.753494,False
0.166069,0.170678,0.760314,False
0.141745,0.158432,0.665552,False
0.14845,0.163445,0.686162,True
0.155753,0.166535,0.717284,True
0.164173,0.180959,0.706643,False
0.147403,0.173597,0.640009,False
0.162119,0.176416,0.713196,False
0.166924,0.176397,0.740514,False
0.162462,0.177401,0.711169,False
0.159072,0.166454,0.737573,False
0.183552,0.167385,0.87972,False
0.183841,0.198031,0.745039,False
0.164037,0.175299,0.728681,False
0.151465,0.167941,0.685747,False
0.19313,0.201062,0.780009,False
0.202336,0.205119,0.809461,False
0.174575,0.173991,0.794725,False
0.16738,0.169813,0.771906,False
0.185138,0.181334,0.820799,False
0.170776,0.176951,0.759962,False
0.182262,0.169088,0.863233,False
0.149134,0.161744,0.697609,False
0.145422,0.161963,0.67375,False
0.159535,0.176381,0.698687,False
0.183617,0.177825,0.828438,False
0.197533,0.186305,0.865426,False
0.14987,0.154859,0.733378,False
0.17773,0.178914,0.790491,False
0.152289,0.172045,0.674179,False
0.171299,0.179242,0.753167,False
0.142626,0.15252,0.697129,False
0.189899,0.182027,0.843829,False
0.195609,0.188771,0.843931,False
0.149858,0.159737,0.710907,False
0.17509,0.18143,0.76498,False
0.158425,0.167611,0.728626,False
0.188845,0.183326,0.832095,False
0.166895,0.180186,0.724778,False
0.160827,0.167986,0.74129,False
0.169157,0.169125,0.785557,False
0.145723,0.166403,0.657577,True
0.145846,0.158698,0.690279,False
0.185817,0.170213,0.878414,False
0.160974,0.167131,0.745965,False
0.174613,0.179691,0.769731,False
0.168448,0.165464,0.798651,False
0.129624,0.15044,0.620343,True
0.162586,0.168318,0.750281,False
0.168579,0.166814,0.79297,False
0.139756,0.173624,0.595859,True
0.170622,0.162765,0.825254,False
0.192203,0.209451,0.744338,False
0.138098,0.16692,0.609862,True
0.173982,0.170139,0.80923,True
0.161644,0.16787,0.74667,False
0.14714,0.161489,0.686361,True
0.157607,0.171439,0.707581,False
0.163713,0.173775,0.733204,False
0.167697,0.173548,0.757126,False
0.162398,0.17948,0.702572,False
0.179076,0.176055,0.810975,False
0.199554,0.182196,0.896035,False
0.161079,0.16977,0.734987,True
0.151402,0.170057,0.676843,False
0.173516,0.192371,0.713291,False
0.141129,0.162078,0.646785,True
0.190845,0.187274,0.825234,False
0.192045,0.178193,0.874024,False
0.144266,0.16035,0.673315,False
0.145938,0.169057,0.648528,False
0.178974,0.180592,0.790031,False
0.197397,0.180897,0.89055,False
0.166447,0.174972,0.743819,False
0.145825,0.167915,0.652265,True
0.15297,0.167746,0.695516,False
0.156536,0.182257,0.659708,True
0.171327,0.16578,0.814495,False
0.16052,0.169531,0.732725,False
0.153485,0.161646,0.724948,False
0.17401,0.1756,0.784225,False
0.182156,0.1813,0.8045,False
0.175366,0.176884,0.786198,False
0.214292,0.212235,0.838657,False
0.162542,0.181658,0.694946,True
0.182413,0.17131,0.852915,False
0.157225,0.179577,0.673387,False
0.146843,0.167921,0.658305,False
0.156919,0.161908,0.744988,False
0.152989,0.157653,0.740165,True
0.153764,0.170079,0.690641,False
0.205804,0.187557,0.903748,False
0.166039,0.173448,0.747998,False
0.168182,0.175826,0.750072,False
0.155445,0.167757,0.71022,True
0.163026,0.169529,0.747516,False
0.163959,0.173002,0.737906,True
0.189541,0.183551,0.834867,False
0.161678,0.171158,0.732525,True
0.160564,0.172554,0.720147,False
0.148762,0.167576,0.671107,False
0.147088,0.161202,0.687261,False
0.174194,0.168483,0.818443,False
0.177437,0.169921,0.830604,False
0.192006,0.188609,0.825551,False
0.167384,0.168478,0.77805,False
0.173315,0.170241,0.804829,False
0.181272,0.189584,0.764688,False
0.136202,0.153674,0.650089,False
0.181545,0.178512,0.813645,False
0.14311,0.160326,0.666202,False
0.144092,0.166923,0.645755,True
0.181019,0.183374,0.789199,False
0.151539,0.170076,0.67757,True
0.1653,0.17824,0.723745,False
0.157773,0.161877,0.750403,False
0.156031,0.160072,0.74798,False
0.165046,0.188825,0.681829,True
0.130633,0.169093,0.557873,True
0.164857,0.181703,0.707513,False
0.177988,0.176301,0.803675,False
0.151746,0.156786,0.736326,False
0.155245,0.162482,0.732052,False
0.177264,0.180316,0.781758,False
0.155599,0.160611,0.742782,False
0.166402,0.17286,0.752643,False
0.155132,0.184062,0.64561,False
0.159328,0.157623,0.780525,True
0.197859,0.197738,0.817036,False
0.151199,0.161582,0.711088,True
0.180009,0.195542,0.734928,True
0.154963,0.166916,0.710916,False
0.186158,0.177405,0.844721,False
0.16951,0.189174,0.704168,False
0.167854,0.177569,0.740863,False
0.164873,0.177999,0.722323,False
0.18619,0.179413,0.835447,False
0.186995,0.173175,0.870192,False
0.185369,0.180929,0.823907,False
0.165256,0.171862,0.750347,False
0.137969,0.170357,0.596801,False
0.140382,0.166694,0.62439,False
0.142584,0.174039,0.610688,False
0.165684,0.161597,0.800655,False
0.140848,0.162575,0.643077,False
0.181973,0.196284,0.742153,False
0.156674,0.170353,0.706618,True
0.16695,0.175055,0.746337,False
0.179235,0.189289,0.755116,False
0.178641,0.18525,0.76837,False
0.160878,0.168121,0.741001,True
0.171837,0.170465,0.795101,False
0.172918,0.176624,0.773494,False
0.169033,0.175436,0.75659,True
0.170657,0.173691,0.773536,False
0.178476,0.180929,0.785813,False
0.18057,0.185,0.779838,False
0.180745,0.189124,0.763756,False
0.181805,0.189902,0.766212,False
0.150939,0.164124,0.69849,False
0.173221,0.175604,0.779714,False
0.162276,0.188338,0.668881,False
0.171522,0.189163,0.714847,False
0.16801,0.179062,0.735554,False
0.142883,0.166353,0.640705,False
0.178636,0.182012,0.782015,False
0.163533,0.170134,0.747839,False
0.189153,0.190509,0.802337,False
0.160749,0.169664,0.733504,True
0.161645,0.179961,0.696514,False
0.176922,0.187414,0.750325,False
0.147193,0.172962,0.641141,False
0.165305,0.18638,0.692163,False
0.176976,0.186955,0.752461,False
0.163426,0.172826,0.73557,False
0.136241,0.148156,0.674568,True
0.157891,0.166533,0.730128,True
0.158959,0.159139,0.770767,False
0.135387,0.160474,0.617467,False
0.148567,0.163251,0.687697,True
0.174961,0.182152,0.761236,False
0.167211,0.175837,0.744504,False
0.191373,0.191794,0.80854,False
0.161142,0.165111,0.756109,False
0.166014,0.174121,0.744968,False
0.159408,0.158718,0.775639,False
0.154198,0.166281,0.709027,False
0.193176,0.184038,0.852409,False
0.131327,0.160981,0.5903,False
0.175332,0.177624,0.782732,False
0.192984,0.180936,0.865964,False
0.179748,0.179403,0.799584,False
0.159886,0.176892,0.698652,True
0.166775,0.174056,0.749618,False
0.149112,0.156081,0.722779,True
0.179203,0.172379,0.829004,False
0.169808,0.182622,0.731065,False
0.166411,0.179108,0.726439,False
0.165708,0.17478,0.740404,False
0.173929,0.182196,0.75539,False
0.154714,0.158879,0.74531,False
0.166644,0.185799,0.701531,False
0.164409,0.16421,0.78015,False
0.208839,0.211226,0.816844,False
0.141046,0.17055,0.614166,True
0.164956,0.16728,0.769105,False
0.189718,0.181148,0.846919,False
0.161736,0.1682,0.745755,False
0.170888,0.170715,0.788375,False
0.148253,0.172427,0.649277,False
0.128182,0.162151,0.566645,False
0.158699,0.17356,0.705226,True
0.175233,0.173911,0.798876,False
0.177155,0.180051,0.782304,False
0.152609,0.16885,0.688832,True
0.177655,0.192317,0.735009,False
0.179765,0.17319,0.828366,False
0.164309,0.174159,0.735012,False
0.170319,0.17253,0.77679,False
0.16411,0.17523,0.729383,False
0.205088,0.194938,0.865854,False
0.163579,0.170929,0.744629,False
0.178283,0.184418,0.769896,False
